OverallQual,GrLivArea,GarageArea,1stFlrSF,YearBuilt,YearRemodAdd,KitchenQual_Ex,KitchenQual_TA,SalePrice
7,7.621711330764393,204.5179145289512,856.0,2003,2003,0,0,208500.0
6,7.303621956335783,177.32963582817308,1262.0,1976,1976,0,1,181500.0
7,7.667292310455854,222.5797332201641,920.0,2001,2002,0,0,223500.0
7,7.625992906744751,232.66436238253502,961.0,1915,1970,0,0,140000.0
8,7.885038257752123,288.45199169728835,1145.0,2000,2000,0,0,250000.0
5,7.383409048810586,183.58894020794867,796.0,1993,1995,0,1,143000.0
8,7.611859106658229,230.89218309811795,1694.0,2004,2005,0,0,307000.0
7,7.832158091782069,184.8348505375304,1107.0,1973,1973,0,1,200000.0
7,7.660224966062878,179.83938806030002,1022.0,1931,1950,0,1,129900.0
5,7.137886942983956,91.66063659158512,1077.0,1939,1950,0,1,118000.0
5,7.101359029425204,153.04987883637892,1040.0,1965,1965,0,1,129500.0
9,7.943561676182033,260.0418338312891,1182.0,2005,2006,1,0,345000.0
5,6.964199523759827,142.56230808809255,912.0,1962,1962,0,1,144000.0
7,7.4802462855881355,289.5745876588743,1494.0,2006,2007,0,0,279500.0
6,7.296135466180571,142.56230808809255,1253.0,1960,1960,0,1,157000.0
7,6.895619781040624,212.99080686304876,854.0,1929,2001,0,1,132000.0
6,7.06455713260415,183.58894020794867,1004.0,1970,1970,0,1,149000.0
4,7.331433303981957,194.73390792212024,1296.0,1967,1967,0,1,90000.0
5,7.173188553173761,212.99080686304876,1114.0,2004,2004,0,0,159000.0
5,7.365586044292989,123.0767333520323,1339.0,1958,1965,0,1,139000.0
8,7.966800122209524,293.21609705697495,1158.0,2005,2006,0,0,325300.0
7,7.16754385167605,118.26892624436718,1108.0,1930,1950,0,0,139400.0
8,7.672561921692243,200.2510356143257,1795.0,2002,2002,0,0,230000.0
5,7.121261263171572,211.78522965910034,1060.0,1976,1976,0,1,129900.0
5,7.121261263171572,114.8071154443438,1060.0,1968,2001,0,0,154000.0
8,7.552041116911724,303.5238297830256,1600.0,2007,2007,0,0,256300.0
5,6.950373300628104,212.99080686304876,900.0,1951,2000,0,0,134800.0
8,7.618027523573419,270.3485980387613,1704.0,2007,2008,0,0,306000.0
5,7.552041116911724,131.55693261084946,1600.0,1957,1997,0,1,207500.0
4,6.378757710982281,104.27195617018407,520.0,1927,1950,0,0,68500.0
4,7.348250969784201,107.80978563629292,649.0,1920,1950,0,1,40000.0
5,7.275055862691571,115.15436806261421,1228.0,1966,2006,0,0,149350.0
8,7.28015360215272,184.8348505375304,1234.0,2007,2007,0,0,179900.0
5,7.6155644843918395,173.23364968690842,1700.0,1959,1959,0,0,165500.0
9,7.52619115971742,206.94689194829297,1561.0,2005,2005,1,0,277500.0
8,7.999870525044703,247.02340406598833,1132.0,2004,2005,0,0,309000.0
5,7.157115891360156,241.4791565063867,1097.0,1994,1995,0,1,145000.0
5,7.332240265893747,189.1803981446356,1297.0,1954,1990,0,1,153000.0
5,7.1182998372330974,106.39790610891804,1057.0,1953,2007,0,0,109000.0
4,7.208251664690341,0.0,1152.0,1955,1955,0,0,82000.0
6,7.353797691813488,171.01884976582272,1324.0,1965,1965,0,1,160000.0
5,7.356954178301657,127.84165049337814,1328.0,1959,1959,0,1,170000.0
5,6.931650610693601,191.0357046863262,884.0,1983,1983,0,0,144000.0
5,6.993546340083489,127.84165049337814,938.0,1975,1980,0,1,130250.0
5,7.206435085335657,125.1239529533799,1150.0,1959,1959,0,1,141000.0
9,7.647143902485127,212.99080686304876,1752.0,2005,2005,1,0,319900.0
7,7.861373889302742,240.8938453934392,1518.0,2003,2003,0,0,239686.0
8,7.588084456291809,285.64105709574244,1656.0,2006,2006,0,0,249700.0
4,7.450388973524327,0.0,736.0,1920,2008,0,1,113000.0
5,7.012300768661317,153.69975784196754,955.0,1966,1966,0,1,127000.0
6,7.4632886954362725,154.34900325457428,794.0,1997,1997,0,1,177000.0
6,7.229809435448921,198.41594370446313,816.0,1934,1950,0,1,114500.0
5,6.848130876213407,194.73390792212024,816.0,1963,1963,0,1,110000.0
9,7.699661371664714,304.6332869483638,1842.0,1981,1987,0,0,385000.0
5,7.381871140563865,211.78522965910034,1360.0,1955,1955,0,1,130000.0
6,7.430738335833977,212.99080686304876,1425.0,1964,1964,0,1,180500.0
8,7.639337242260901,183.58894020794867,983.0,1999,2000,0,0,172500.0
7,7.627822560585442,209.67163684399677,860.0,2004,2004,0,0,196500.0
10,8.192426979240501,232.36921666355556,1426.0,2006,2006,0,0,438780.0
5,6.8010689983044585,142.56230808809255,780.0,1972,1972,0,1,124900.0
6,7.213682658736977,212.99080686304876,1158.0,2004,2004,0,0,158000.0
5,7.170369988959145,121.02163914432202,581.0,1920,1996,0,0,101000.0
8,7.389538322807609,184.8348505375304,1370.0,2006,2006,0,0,202500.0
7,7.621711330764393,183.58894020794867,902.0,1921,1950,0,1,140000.0
7,7.80365960021543,233.54928044371184,1057.0,1997,1998,0,0,219500.0
8,8.00882886937781,292.9363542927816,1143.0,2004,2005,0,0,317000.0
7,7.889327728841046,212.99080686304876,2207.0,1970,1989,0,1,180000.0
7,7.469679813941192,207.55310444304828,1479.0,2003,2003,0,0,226000.0
4,6.755992773355853,97.11138517827446,747.0,1945,1950,0,1,80000.0
7,7.926709828257972,240.01526078744203,1304.0,1953,1953,0,1,225000.0
7,7.896910713421588,194.73390792212024,2223.0,1973,1973,0,1,244000.0
4,6.884564976705294,145.20043925220284,845.0,1982,2006,0,1,129500.0
7,7.626603144082591,166.8879221537279,885.0,1998,1998,0,1,185000.0
5,7.146583503508657,186.70008828681972,1086.0,1954,2003,0,1,144900.0
3,7.555309839452677,151.42238355340115,840.0,1915,1950,0,1,107400.0
4,7.047777847827284,124.10131564422858,526.0,1973,1973,0,1,91000.0
4,7.009015392843581,119.30290507732684,952.0,1956,1956,0,1,135750.0
5,7.32251566028292,104.27195617018407,1072.0,1948,2001,0,1,127000.0
4,7.656673459652104,0.0,1768.0,1968,1968,0,1,136500.0
5,7.2767578540150275,171.01884976582272,682.0,1910,1981,0,1,110000.0
6,7.8579495667897925,192.57861632371126,1182.0,1968,1968,0,0,193500.0
6,7.364021867739356,159.84254366186755,1337.0,1998,1998,0,1,153500.0
8,7.527532332331097,266.3514120494785,1563.0,2007,2007,0,0,245000.0
5,7.126178514235308,177.6438016878652,1065.0,1960,1960,0,1,126500.0
7,7.466133979305869,158.2313840348364,804.0,1995,1996,0,1,168500.0
8,7.984769151465813,177.95783922672393,1301.0,1991,1992,0,0,260000.0
6,7.525519932956703,158.2313840348364,684.0,2005,2005,0,0,174000.0
6,7.271643600887658,198.41594370446313,612.0,2009,2009,0,0,164500.0
3,7.50244010648067,0.0,1013.0,1915,1982,0,0,85000.0
4,7.049889965389424,0.0,990.0,1994,1995,0,1,123600.0
4,7.101359029425204,164.65379278874116,1040.0,1950,1950,0,1,109900.0
5,7.281000830132077,183.58894020794867,1235.0,1961,1961,0,1,98600.0
5,7.0220957137271345,168.47950502090484,964.0,1921,2006,0,1,163500.0
6,7.928544660408604,191.65321376753505,1260.0,1910,1998,0,1,133900.0
6,7.667292310455854,244.98417100625994,905.0,1997,1997,0,0,204750.0
6,7.4632886954362725,164.65379278874116,680.0,1993,1993,0,1,185000.0
7,7.544154583617565,181.09122867557275,1588.0,1999,1999,0,0,214000.0
4,7.017753672084655,168.47950502090484,960.0,1965,1965,0,1,94750.0
5,6.872143795104389,147.17179507156158,835.0,1920,1950,0,1,83000.0
4,7.272497704039081,0.0,1225.0,1959,1959,0,1,128950.0
6,7.5585684588804884,183.58894020794867,1610.0,1977,2001,0,0,205000.0
6,7.635109601630701,182.34107276242506,977.0,1985,1985,0,0,178000.0
5,7.508598823983015,161.44996254137624,1535.0,1979,1979,0,1,118964.0
7,7.273351114640162,261.1916449190669,1226.0,2009,2009,0,0,198900.0
7,7.685910331384621,104.27195617018407,1226.0,1931,1950,0,1,169500.0
8,7.781769319402785,234.433423201501,1053.0,2003,2004,0,0,250000.0
4,7.10836774305586,115.84815171635313,1047.0,1885,1995,0,1,100000.0
5,6.813033764840194,107.80978563629292,789.0,1948,1950,0,1,115000.0
5,7.496245188988774,0.0,997.0,1919,2005,0,0,115000.0
6,7.700799243430674,203.90962940308097,1844.0,1977,1977,0,1,190000.0
6,7.70703569962966,133.5732588912801,1216.0,1954,1972,0,1,136900.0
7,7.434405103801663,158.2313840348364,774.0,2000,2000,0,1,180000.0
7,8.099550308263037,276.03527205539933,1282.0,2007,2007,1,0,383970.0
6,7.9137760067793765,174.18084598614104,2259.0,1953,1953,0,0,217000.0
6,7.941752757228936,82.40481040341002,1436.0,1945,2002,0,0,259500.0
6,7.454706452343364,171.01884976582272,729.0,1999,1999,0,1,176000.0
5,7.152341513809101,121.02163914432202,1092.0,1962,1962,0,1,139000.0
5,7.183459149526805,167.84329035786647,1125.0,2006,2007,0,1,155000.0
7,8.286990414951099,218.39658070448846,1699.0,1990,1990,0,0,320000.0
6,7.453269257594889,154.99761894473843,728.0,2005,2006,0,0,163990.0
6,7.047777847827284,202.0822471449123,988.0,1969,1969,0,1,180000.0
4,7.181599211836746,112.71848151889007,772.0,1939,1950,0,1,100000.0
6,7.1407937943920805,121.02163914432202,1080.0,1958,1958,0,1,136000.0
6,7.250062593111277,199.02807536751703,1199.0,1993,1993,0,0,153900.0
6,7.542834406335064,169.43278845490494,1586.0,1979,1998,0,1,181000.0
6,6.765717537828441,0.0,520.0,1935,1982,0,1,84500.0
6,7.015575904960901,171.01884976582272,958.0,1976,1976,0,1,128000.0
5,6.878372753376774,0.0,840.0,1930,1950,0,1,87000.0
6,7.372596229454956,175.12685382663943,660.0,1966,1966,0,1,155000.0
5,7.114338250452926,264.06106628969485,1053.0,1958,1991,1,0,150000.0
7,7.865273854805848,185.76801047423132,1216.0,1966,1966,0,0,226000.0
6,7.813926151782984,154.99761894473843,1022.0,2000,2000,0,0,244000.0
5,7.356165943279002,227.3383286074287,1327.0,1959,2002,0,0,150750.0
8,7.331433303981957,180.77845648122033,1296.0,2001,2002,0,0,220000.0
5,7.628431740567995,171.01884976582272,1721.0,1968,1993,0,1,180000.0
7,7.604409065254771,199.02807536751703,1682.0,1970,1970,0,1,174000.0
5,7.263064229457455,131.22018752876846,1214.0,1967,1967,0,1,143000.0
7,7.764245626640066,268.6372058891293,1959.0,1988,1989,0,1,171000.0
8,7.705338499983088,237.96232572810112,1004.0,1999,2000,0,0,230000.0
6,7.654299128794408,180.46555919132814,928.0,1997,1997,0,0,231500.0
4,6.907767928522536,0.0,864.0,1971,1971,0,1,115000.0
7,7.636319228962849,237.96232572810112,1734.0,2005,2005,0,0,260000.0
5,7.400935449517942,255.43072800214057,910.0,1952,1952,0,1,166000.0
7,7.4851412797252355,213.2919543439963,1501.0,1999,1999,0,0,204000.0
5,7.632686177397187,191.0357046863262,1728.0,1963,1963,0,1,125000.0
6,7.621098255726681,151.74820434321248,970.0,2004,2006,0,0,130000.0
5,6.920970558890361,82.40481040341002,875.0,1931,1993,0,1,105000.0
7,7.8041753055393634,169.11516527954575,884.0,2001,2001,0,0,222500.0
7,7.1407937943920805,0.0,1080.0,2004,2005,0,0,141000.0
5,7.369486351252655,104.27195617018407,896.0,1936,1950,0,1,115000.0
5,7.027498158415329,171.01884976582272,969.0,1975,1975,0,1,122000.0
8,7.621711330764393,296.84715853113073,1710.0,2007,2008,0,0,372402.0
6,7.782295826053598,188.25116787547086,1097.0,1971,1971,0,1,190000.0
6,7.295300337718688,209.36929347721832,1252.0,1960,1975,0,1,235000.0
6,7.250934384109435,129.1955054614332,1200.0,1923,1950,0,1,125000.0
6,7.156162748134436,0.0,572.0,1924,1950,0,1,79000.0
5,7.101359029425204,227.63497190722717,1040.0,1950,1950,0,1,109500.0
8,7.769053736630279,243.81713039826585,774.0,2009,2010,1,0,269500.0
7,7.757800555560201,243.2331252127944,991.0,2004,2005,0,0,254900.0
7,8.004145872383422,212.99080686304876,1392.0,2005,2006,0,0,320000.0
6,7.278457097540031,194.73390792212024,1232.0,1984,1984,0,1,162500.0
9,8.088577468090579,257.162133623255,1572.0,2003,2004,1,0,412500.0
7,7.512684733211099,199.6397720242384,1541.0,2005,2005,0,0,220000.0
4,6.929286633455966,0.0,882.0,1956,1956,0,1,103200.0
6,7.562465553984899,95.66487564479634,1149.0,1926,2004,0,0,152000.0
5,7.378016516044087,0.0,808.0,1940,1999,0,1,127500.0
5,7.713797332633822,126.14466830260716,1867.0,1955,1993,0,1,190000.0
8,7.867218450884032,275.18401257628227,1610.0,2007,2007,1,0,325624.0
7,7.627822560585442,171.01884976582272,840.0,2004,2004,0,0,183500.0
8,7.619871035509531,193.1949804401652,1707.0,1981,1981,0,1,228000.0
5,7.398665868791583,237.96232572810112,854.0,1941,1950,0,1,128500.0
6,7.588084456291809,198.41594370446313,1656.0,1960,1960,0,1,215000.0
7,7.65608037774617,191.0357046863262,1064.0,1987,1987,0,0,239000.0
6,7.383409048810586,191.0357046863262,1362.0,1961,1961,0,1,163000.0
6,7.5849159274816405,224.9619423361224,1651.0,1986,1986,0,1,184000.0
6,7.865760339559126,212.99080686304876,2158.0,1950,2001,0,0,243000.0
6,7.816986752529412,196.2700288255104,1164.0,1988,1989,0,1,211000.0
5,7.743153630589604,174.4963135204254,1252.0,1958,1958,0,0,172500.0
9,7.902092620348512,378.10577299095627,2234.0,2008,2009,1,0,501837.0
5,7.026419888974266,183.58894020794867,968.0,1923,2006,0,1,100000.0
6,7.501753577757694,171.01884976582272,769.0,2000,2000,0,0,177000.0
7,7.67664238835891,95.66487564479634,901.0,1920,1950,0,1,200100.0
5,7.366367262181617,108.51413020432587,1340.0,1957,2006,0,1,120000.0
7,7.82813366565511,184.8348505375304,1362.0,2003,2003,0,0,200000.0
5,7.295300337718688,212.99080686304876,936.0,1908,1991,0,1,127000.0
10,8.406096160425815,289.5745876588743,1518.0,1892,1993,1,0,475000.0
7,7.265645392273997,188.87077218572534,1217.0,1990,1991,0,0,173000.0
5,7.588084456291809,82.40481040341002,808.0,1916,1987,0,1,135000.0
5,7.271643600887658,198.41594370446313,1224.0,1979,1979,0,1,153337.0
8,7.547447811976948,244.4008119540115,1593.0,2001,2002,1,0,286000.0
8,8.111567489539091,171.01884976582272,1549.0,1932,1994,0,0,315000.0
7,7.469679813941192,184.8348505375304,725.0,1972,2004,0,0,184000.0
7,7.4351369284038205,239.72223388311917,1431.0,1999,1999,0,0,192000.0
7,7.621098255726681,151.74820434321248,970.0,2004,2004,0,0,130000.0
5,6.907767928522536,142.56230808809255,864.0,1972,1972,0,1,127000.0
6,7.453269257594889,171.01884976582272,855.0,1976,1976,0,1,148500.0
7,7.631472374079135,274.33214274370494,1726.0,2007,2007,1,0,311872.0
8,8.250442811300644,276.88592392492984,1360.0,1918,1990,0,0,235000.0
6,7.899740358499652,0.0,929.0,1912,1950,0,1,104000.0
8,7.623548420579238,294.05495477941156,1713.0,2004,2005,1,0,274900.0
4,7.179735979669552,171.01884976582272,1121.0,2003,2004,0,1,140000.0
6,7.317619464776474,181.40387608871293,1279.0,1977,1977,0,1,171500.0
6,7.342674874484774,157.58586039046082,865.0,1924,1950,0,1,112000.0
6,6.888262857999026,164.65379278874116,848.0,2004,2004,0,0,149000.0
5,7.321701207356571,104.27195617018407,720.0,1947,1950,0,1,110000.0
7,7.443153625374022,189.79929906779662,1442.0,1990,1990,0,1,180500.0
5,7.613095679617318,141.57010956872162,1696.0,1962,1962,0,1,143900.0
4,7.159970149330085,129.1955054614332,1100.0,1960,1960,0,1,141000.0
7,7.8180049846036646,175.4419272879768,1180.0,1988,1989,0,1,277000.0
6,7.152341513809101,191.0357046863262,1092.0,1964,1964,0,1,145000.0
5,6.907767928522536,0.0,864.0,1925,1950,0,1,98000.0
6,7.261339930582066,177.32963582817308,1212.0,2009,2009,0,0,186000.0
7,7.705338499983088,233.2543941130136,932.0,2009,2009,0,0,252678.0
5,7.049889965389424,212.99080686304876,990.0,1995,1995,0,1,156000.0
6,7.406212197101114,124.7832885280012,689.0,1977,1977,0,1,161750.0
5,7.281847376696152,173.23364968690842,1236.0,1957,1996,0,0,134450.0
7,7.438788445425837,184.8348505375304,1436.0,2004,2004,0,0,210000.0
4,7.356954178301657,93.4856231938096,810.0,1925,1950,0,1,107000.0
7,7.7615649610225335,168.16146718043177,1137.0,1939,2006,0,0,311500.0
7,7.291953182354944,170.38483466848163,1248.0,2005,2006,0,0,167240.0
7,7.483046208624197,242.3565081473364,1498.0,2006,2006,0,0,204900.0
6,7.917487568051764,154.99761894473843,1010.0,2002,2002,0,0,200000.0
6,7.52013467568735,169.11516527954575,811.0,1975,1975,0,1,179900.0
4,6.907767928522536,212.99080686304876,864.0,1971,1971,0,1,97000.0
10,7.973848817325774,324.9945119614193,2392.0,2003,2003,1,0,386250.0
5,7.3362658241530605,118.26892624436718,630.0,1971,1971,0,1,112000.0
7,8.028607609782735,255.7194838815416,1214.0,1995,1995,0,0,290000.0
6,7.046720195295275,118.26892624436718,483.0,1970,1970,0,1,106000.0
5,6.964199523759827,137.2518042461402,912.0,1967,1967,0,1,125000.0
7,7.522157372739731,167.84329035786647,1555.0,2005,2006,0,0,192500.0
6,7.245692771800627,129.1955054614332,1194.0,1959,1959,0,1,148000.0
8,8.137082928973843,281.1301635955616,1490.0,1995,1996,1,0,403000.0
6,7.046720195295275,121.02163914432202,483.0,1972,1972,0,1,94500.0
5,6.943391341553221,127.84165049337814,894.0,1976,1976,0,1,128200.0
6,7.764780943836373,171.01884976582272,860.0,2002,2002,0,0,216500.0
6,7.046720195295275,112.71848151889007,483.0,1971,1971,0,1,89500.0
7,7.422626238475503,187.941188961318,1414.0,2004,2004,0,0,185500.0
7,7.642346645118281,176.38636500662582,1014.0,1993,2003,0,0,194500.0
8,7.611859106658229,283.3876894897944,1694.0,2007,2007,0,0,318000.0
6,7.4753284477442214,97.11138517827446,798.0,1945,1950,0,1,113000.0
8,7.529540897142047,264.06106628969485,1566.0,2008,2008,0,0,262500.0
5,6.910180785057079,0.0,866.0,1945,1997,0,0,110500.0
5,7.441700574035787,142.56230808809255,889.0,1900,1950,0,1,79000.0
6,7.265645392273997,121.02163914432202,626.0,1980,1980,0,1,120000.0
7,7.842152567513644,178.27174877414345,1222.0,1994,2002,0,0,205000.0
7,7.71660194278023,221.3864167461435,1872.0,1988,1988,0,1,241500.0
6,7.7475146892719895,171.01884976582272,908.0,1910,1950,0,0,137000.0
6,7.393351084347402,174.4963135204254,1375.0,1954,1954,0,1,140000.0
7,7.595650305176133,189.79929906779662,840.0,2003,2003,0,0,180000.0
6,7.858929078024817,154.67338957475317,1444.0,1958,2006,0,0,277000.0
3,7.339475225775484,0.0,1306.0,1940,1966,0,0,76500.0
8,7.5682843201842855,201.47227127425276,1625.0,2006,2007,0,0,235000.0
6,7.5779114676664765,195.96302762885824,798.0,2004,2004,0,0,173000.0
6,7.3362658241530605,128.18042274500655,1302.0,1964,1991,0,0,158000.0
5,7.345864829563152,123.0767333520323,1314.0,1957,1957,0,1,145000.0
7,7.928544660408604,167.52497416979742,1005.0,1999,1999,0,0,230000.0
6,7.632686177397187,241.77168891246995,864.0,2003,2003,0,0,207500.0
7,7.554656905202453,237.96232572810112,1604.0,2006,2006,0,0,220000.0
7,7.6708083075283895,209.36929347721832,963.0,2001,2001,0,0,231500.0
5,6.929286633455966,127.84165049337814,882.0,1956,1956,0,1,97000.0
6,7.398665868791583,301.85787907148034,1382.0,1962,1962,0,1,176000.0
8,8.050884542940407,297.40486797625016,1482.0,2007,2007,1,0,276000.0
6,7.261339930582066,187.32087619859692,1212.0,1977,1995,0,1,151000.0
5,7.34745619036876,184.8348505375304,926.0,1929,2001,0,1,130000.0
5,6.779455550553507,191.0357046863262,764.0,1925,2004,0,1,73000.0
6,7.4285321333937,212.99080686304876,1422.0,1981,1981,0,0,175500.0
6,7.492094921130759,162.41264084968498,802.0,1997,1997,0,1,185000.0
5,7.882168903249003,104.27195617018407,1052.0,1939,1997,0,0,179500.0
5,6.798391535422608,312.92473434930264,778.0,1940,1955,0,1,120500.0
6,7.172249870707675,191.0357046863262,1113.0,1976,1976,0,1,148000.0
8,7.753481874888476,348.02400700133194,1095.0,2006,2006,0,0,266000.0
7,7.384177161610656,170.7019102088413,1363.0,1954,2005,0,1,241500.0
8,7.918876049028692,241.1865420484321,1164.0,1999,2007,0,0,290000.0
6,7.572787929941399,137.91817726476376,1632.0,1958,1988,0,1,139000.0
5,6.848130876213407,112.71848151889007,816.0,1982,1982,0,1,124500.0
7,7.517431694228248,241.4791565063867,952.0,1925,2007,1,0,205000.0
7,7.525519932956703,212.0867724603957,1560.0,2003,2003,0,0,201000.0
4,6.907767928522536,158.2313840348364,864.0,1951,1951,0,1,141000.0
9,7.847609477951064,258.8908442904562,2121.0,2006,2007,1,0,415298.0
7,7.797451408943258,191.34451681090567,1156.0,1977,1977,0,1,192000.0
7,7.776489760315253,212.68956085783967,1175.0,1989,1989,0,0,228500.0
6,7.303621956335783,211.78522965910034,1262.0,2006,2006,0,0,185000.0
7,7.345864829563152,227.931525781101,1314.0,2007,2008,0,0,207500.0
8,7.461863167161178,305.7418086339031,1468.0,2008,2009,0,0,244600.0
6,7.5355437300923915,198.7220640336378,1575.0,1992,1992,0,0,179200.0
7,7.293628090458217,198.41594370446313,625.0,2006,2007,0,0,164700.0
6,7.636319228962849,171.01884976582272,1085.0,1962,1981,0,0,159000.0
4,6.90049591682655,0.0,858.0,1971,1971,0,1,88000.0
5,6.950373300628104,118.26892624436718,900.0,1967,1967,0,1,122000.0
6,7.409215655288365,153.04987883637892,698.0,1915,2003,0,1,153575.0
8,7.742607229102028,245.2757299435499,1079.0,2006,2006,0,0,233230.0
5,7.62538231613641,0.0,936.0,1912,2000,0,0,135900.0
5,7.62538231613641,118.61381628980253,1148.0,1949,2008,0,1,131000.0
7,7.915633417182426,201.77731250963882,1468.0,1977,1994,0,0,235000.0
6,7.580463930743578,164.0141863386533,1644.0,1953,1953,0,1,167000.0
6,7.063516238019101,216.5981314336942,1003.0,1984,1984,0,1,142500.0
5,7.5241761957971285,118.95847557779645,910.0,1950,1950,0,1,152000.0
7,7.759415516297601,212.99080686304876,975.0,1997,1998,0,0,239000.0
6,7.64174545101696,201.77731250963882,1041.0,1968,1968,0,1,175000.0
6,7.208251664690341,125.1239529533799,1152.0,1950,2004,0,0,158500.0
5,7.363238907343393,150.1174765796251,1336.0,1953,1953,0,1,157000.0
8,7.999870525044703,244.69253172296544,1210.0,1998,1999,0,0,267000.0
7,7.512684733211099,290.4158732724877,1541.0,2001,2002,0,0,205000.0
5,6.943391341553221,205.7332322699063,894.0,1972,1972,0,1,149900.0
7,8.371990226278392,297.9623352109559,1675.0,1880,2002,0,0,295000.0
8,7.785974038758818,302.96874883657165,2000.0,2004,2005,0,0,305900.0
7,7.906313538568613,262.9141684607402,1122.0,1990,1991,0,0,225000.0
6,7.4166870466170565,0.0,1035.0,1920,1950,0,0,89500.0
4,6.904138217254233,201.77731250963882,861.0,1940,1950,0,1,82500.0
9,7.756183120232971,251.95972468274604,1944.0,2003,2004,1,0,360000.0
6,7.4851412797252355,164.65379278874116,697.0,1993,1994,0,0,165600.0
6,7.0307263447157915,104.27195617018407,972.0,1948,2002,0,1,132000.0
5,7.176934928600124,161.44996254137624,793.0,1939,1950,0,1,119900.0
7,7.804690759104665,193.81089029400167,2036.0,1965,1965,0,1,375000.0
7,7.578550162926736,203.90962940308097,832.0,1925,1990,1,0,178000.0
7,7.435868244998835,168.47950502090484,716.0,2004,2005,0,0,188500.0
7,7.956584547589466,184.8348505375304,1153.0,1980,1980,1,0,260000.0
8,7.764245626640066,340.4779489449445,1088.0,2006,2006,0,0,270000.0
7,8.079875372907878,236.7873790996788,1372.0,1993,1993,0,0,260000.0
7,7.464712297746642,216.5981314336942,1472.0,1980,1980,0,1,187500.0
9,8.059827471305217,289.5745876588743,1249.0,2006,2006,0,0,342643.0
8,8.006702805725345,298.51956089624406,1136.0,2004,2004,0,0,354000.0
7,8.112723229939672,212.99080686304876,1553.0,1986,1987,0,0,301000.0
3,7.218187169469926,97.11138517827446,1163.0,1955,2005,0,1,126175.0
7,8.204146071804578,209.36929347721832,1898.0,1967,2007,0,0,242000.0
5,6.831378686190997,145.20043925220284,803.0,1941,1950,0,1,87000.0
8,7.627213028559778,181.40387608871293,1719.0,1993,1993,0,0,324000.0
6,7.399422939204437,122.3925863432815,1383.0,1960,1960,0,1,145250.0
6,7.854022412556715,171.33565370589957,1445.0,1916,1994,0,0,214500.0
5,7.243939749736793,85.7631171136582,596.0,1920,1950,0,1,78000.0
5,7.632686177397187,142.56230808809255,1728.0,1964,1964,0,1,119000.0
5,7.117310838926907,127.84165049337814,1056.0,1958,1992,0,1,139000.0
8,7.570860166475113,300.74606124766837,1629.0,2003,2004,0,0,284000.0
7,7.38033098330251,184.8348505375304,1358.0,2004,2004,0,0,207000.0
6,7.576632915344275,181.09122867557275,943.0,1998,1998,0,1,192000.0
5,7.667292310455854,198.7220640336378,1619.0,1965,1965,0,1,228950.0
9,7.744245585707989,242.64879526410587,1922.0,2005,2006,0,0,377426.0
7,7.509280909760026,199.6397720242384,1536.0,2002,2003,0,0,214000.0
7,7.565702165603377,171.01884976582272,1621.0,1984,1998,0,0,202500.0
6,7.2639253206392835,124.10131564422858,1215.0,1958,1998,0,1,155000.0
8,7.736578069081035,168.16146718043177,993.0,2002,2002,0,0,202900.0
4,6.8796141229002075,123.0767333520323,841.0,1950,1950,0,1,82000.0
3,7.101359029425204,158.2313840348364,1040.0,1949,1950,0,1,87500.0
9,7.605654399349667,209.36929347721832,1684.0,2005,2005,1,0,266000.0
5,7.171310349804104,137.2518042461402,536.0,1976,1976,0,1,85000.0
6,7.53687306351613,129.1955054614332,972.0,1939,1950,0,0,140200.0
6,7.015575904960901,125.46440383174449,958.0,1960,1998,0,1,151500.0
6,7.46897160091954,189.1803981446356,1478.0,1960,1960,0,1,157500.0
7,7.568928871950435,181.7163990335171,764.0,2003,2004,0,0,154000.0
9,8.1119528766598,251.3801503804362,1848.0,2005,2006,1,0,437154.0
9,7.714920071292164,225.25930721789516,1869.0,2007,2007,1,0,318061.0
7,7.451109783048006,172.60152056340257,1453.0,1986,1986,0,0,190000.0
5,7.170369988959145,89.82726943206423,616.0,1941,1950,0,1,95000.0
6,6.71761514606656,184.8348505375304,720.0,1928,2003,0,1,105900.0
6,7.548762228214187,104.27195617018407,1192.0,1940,2000,0,1,140000.0
6,7.250934384109435,196.2700288255104,1200.0,1995,1995,0,0,177500.0
6,7.221776944122446,158.2313840348364,1167.0,1992,1992,0,0,173000.0
5,7.199137237738251,198.41594370446313,1142.0,1976,1976,0,1,134000.0
5,7.375696951200008,121.02163914432202,1352.0,1958,1958,0,0,130000.0
8,7.745336412303994,217.79747961584363,1086.0,1998,1998,0,0,280000.0
6,6.964199523759827,180.46555919132814,912.0,1978,1978,0,1,156000.0
5,7.487928244544978,104.27195617018407,988.0,1940,1982,0,1,145000.0
7,7.744245585707989,241.4791565063867,495.0,2003,2003,0,0,198500.0
6,7.046720195295275,112.71848151889007,483.0,1972,2007,0,0,118000.0
6,7.534878434224094,209.97387940617588,790.0,1976,1976,0,1,190000.0
5,7.369486351252655,179.83938806030002,672.0,1920,1997,0,1,147000.0
6,7.407714996683579,194.11867552951506,1394.0,1963,1963,0,1,159000.0
6,7.4351369284038205,123.76000547428652,1431.0,1962,1962,0,1,165000.0
5,7.308583533152012,105.69035071042397,1268.0,1954,1954,0,1,132000.0
5,7.3241426783831685,212.99080686304876,1287.0,1959,2006,0,0,162000.0
6,7.593134382147935,177.32963582817308,953.0,2000,2000,0,1,172400.0
4,7.544154583617565,243.81713039826585,1120.0,1959,1959,0,1,134432.0
6,6.762948218684548,112.71848151889007,752.0,1984,1984,0,1,125000.0
5,7.349838731182777,114.8071154443438,1319.0,1953,1953,0,1,123000.0
7,7.7475146892719895,169.11516527954575,847.0,2003,2004,0,0,219500.0
1,6.955002290886059,0.0,904.0,1922,1950,0,0,61000.0
5,6.966486305355755,212.99080686304876,914.0,1996,1996,0,1,148000.0
8,8.005851181596661,223.17583632535542,1580.0,2004,2005,0,0,340000.0
9,7.707600826788512,287.89031418875425,1856.0,2010,2010,1,0,394432.0
6,7.675478150214638,178.27174877414345,1007.0,2000,2000,0,1,179000.0
5,7.61000152441621,127.84165049337814,1026.0,1924,1950,0,0,127000.0
7,7.335461942855745,211.78522965910034,1301.0,2006,2006,0,0,187750.0
7,7.673729380571211,231.7786647160346,939.0,2006,2006,0,0,213500.0
6,6.806403518767866,145.20043925220284,784.0,1928,1950,0,1,76000.0
6,7.761028010029499,190.10857458749123,1079.0,1992,1992,0,0,240000.0
8,7.30940819386353,167.84329035786647,1269.0,2004,2005,0,0,192000.0
5,7.236898311059202,0.0,658.0,1910,1996,0,1,81000.0
6,7.183459149526805,142.56230808809255,1125.0,1976,1976,0,1,125000.0
7,7.469679813941192,213.2919543439963,1479.0,1999,2000,0,0,191000.0
10,7.947170251110444,291.2565946691957,1742.0,2007,2008,1,0,426000.0
5,7.387244023094819,153.04987883637892,961.0,1900,1950,0,1,119000.0
6,7.765315989702417,208.15890770922698,804.0,2001,2002,0,0,215000.0
5,6.929286633455966,123.0767333520323,882.0,1959,1959,0,1,106500.0
4,6.811711062156396,0.0,788.0,1941,1950,0,1,100000.0
5,7.095314149196065,104.27195617018407,735.0,1940,1950,0,1,109000.0
5,7.200966451124709,218.995301827102,1144.0,1956,1956,0,1,129000.0
5,6.943391341553221,220.19161021397755,894.0,1972,1972,0,1,123000.0
5,7.682444386019627,112.71848151889007,876.0,1962,1962,0,1,169500.0
5,7.137886942983956,137.91817726476376,1077.0,1920,1950,0,1,67000.0
7,7.518784051390165,170.38483466848163,1112.0,2006,2007,0,0,241000.0
8,7.324955245506115,189.79929906779662,1288.0,1996,1996,1,0,245500.0
7,7.342674874484774,158.2313840348364,1310.0,2005,2005,0,0,164990.0
5,6.645715824057852,104.27195617018407,672.0,1940,1997,0,1,108000.0
8,7.915633417182426,164.65379278874116,1165.0,1998,1998,0,0,258000.0
6,7.533546581516299,149.46404162167929,806.0,1995,1996,0,1,168000.0
4,7.565055637651523,186.70008828681972,1620.0,1976,1993,0,1,150000.0
6,7.577272385295999,104.27195617018407,1166.0,1936,1950,0,1,115000.0
6,7.6031622588480205,127.84165049337814,840.0,1915,1976,0,1,177000.0
7,7.872547703964033,319.2471353319145,1071.0,2006,2006,0,0,280000.0
8,7.826115686613453,288.45199169728835,1050.0,2007,2008,1,0,339750.0
5,7.315162801375007,141.9010201000796,1276.0,1958,1958,0,1,60000.0
5,7.117310838926907,211.78522965910034,1056.0,1955,1955,0,1,145000.0
7,7.46897160091954,184.8348505375304,1478.0,2009,2009,0,0,222000.0
5,7.089234312466823,145.20043925220284,1028.0,1927,1950,0,1,115000.0
7,7.835666927638345,243.2331252127944,1080.0,1993,1993,0,0,228000.0
7,7.366367262181617,156.93972574047854,1340.0,2007,2007,0,0,181134.0
6,7.412210573982421,171.01884976582272,672.0,1978,1978,0,1,149500.0
6,8.071101081801947,296.28920621126343,1370.0,1918,1950,0,1,239000.0
5,7.191788411337138,104.27195617018407,756.0,1940,1950,0,1,126000.0
5,7.117310838926907,126.48448355758627,1056.0,1968,1968,0,1,142000.0
7,7.369486351252655,273.76388907137317,1344.0,1997,1998,0,1,206300.0
6,7.553349822323269,198.7220640336378,1602.0,1977,2000,0,0,215000.0
5,7.047777847827284,195.96302762885824,988.0,1954,1954,0,1,113000.0
8,8.073501298857355,248.47761491685856,1470.0,1998,1998,0,0,315000.0
6,7.247442878417522,124.10131564422858,1196.0,1956,1956,0,1,139000.0
7,7.403953969961856,104.27195617018407,707.0,1946,1992,0,1,135000.0
7,7.580463930743578,210.8800043741172,1644.0,1989,1989,0,0,275000.0
4,6.958460696327018,142.56230808809255,907.0,1957,1957,0,1,109008.0
7,7.257882834220395,228.52436592856031,1208.0,2007,2007,0,0,195400.0
6,7.421144576785771,212.99080686304876,1412.0,1988,1988,0,0,175000.0
6,7.046720195295275,112.71848151889007,483.0,1971,1971,0,1,85400.0
6,7.249190079299338,0.0,1088.0,1920,1998,0,1,79900.0
5,7.385711708662814,171.01884976582272,765.0,1971,1971,0,1,122500.0
6,7.554656905202453,180.46555919132814,926.0,1997,1998,0,1,181000.0
4,6.578486805914263,0.0,630.0,1972,1972,0,1,81000.0
7,7.591243492830488,205.12578155007614,827.0,1996,1996,0,0,212000.0
6,7.176934928600124,171.01884976582272,734.0,1920,1950,0,1,116000.0
6,6.955002290886059,82.40481040341002,904.0,1926,2004,0,1,119000.0
5,6.679282609236852,142.56230808809255,694.0,1913,2002,0,0,90350.0
6,7.247442878417522,198.41594370446313,684.0,1920,2000,0,0,110000.0
10,7.978230499373593,241.4791565063867,2402.0,2008,2008,1,0,555000.0
4,7.441700574035787,0.0,1440.0,1955,1955,0,0,118000.0
5,7.534212718209626,145.20043925220284,1128.0,1930,1992,0,1,162900.0
7,7.300301198917356,234.433423201501,1258.0,2006,2007,0,0,172500.0
7,7.736578069081035,187.63109183053555,933.0,1994,1995,0,0,210000.0
6,7.60876131605653,183.58894020794867,1689.0,1956,1956,0,1,127500.0
6,7.725526933545175,213.5930035032791,1888.0,1966,2002,0,0,190000.0
7,7.724415428706932,168.16146718043177,956.0,1998,1999,0,0,199900.0
6,7.394111983183776,89.09152081431868,780.0,1937,1950,0,1,119500.0
3,7.2360148089284,127.84165049337814,679.0,1948,2002,0,1,120000.0
6,6.844288646214256,114.8071154443438,813.0,1930,2005,0,0,110000.0
7,7.5072333267638625,212.99080686304876,1533.0,1975,1975,0,0,280000.0
6,7.649534374590318,165.29282599903672,888.0,1996,1997,0,1,204000.0
8,7.545473109724071,242.64879526410587,786.0,2008,2008,0,0,210000.0
5,7.632686177397187,208.15890770922698,1728.0,1976,1976,0,1,188000.0
7,7.286912407701082,198.41594370446313,1242.0,1973,1973,0,1,175500.0
5,7.369486351252655,193.81089029400167,624.0,1916,1950,0,1,98000.0
4,7.5925044623689075,198.7220640336378,1663.0,1954,1994,0,0,256000.0
8,7.594393093980503,99.98970829239325,833.0,1925,1996,0,0,161000.0
5,7.25354543221023,142.56230808809255,979.0,1950,1950,0,0,110000.0
8,7.75131589034177,205.7332322699063,832.0,2009,2009,0,1,263435.0
7,7.1927098269884215,212.99080686304876,575.0,1936,2007,0,0,155000.0
5,6.907767928522536,145.20043925220284,864.0,1965,1965,0,1,62383.0
6,7.590612442166708,104.27195617018407,849.0,1934,1995,0,1,188700.0
5,7.101359029425204,0.0,1040.0,1978,1978,0,1,124000.0
7,7.422626238475503,157.58586039046082,1414.0,2004,2004,0,0,178740.0
7,7.315982326307979,197.8033750793214,1277.0,1970,1970,0,1,167000.0
5,7.580463930743578,129.1955054614332,888.0,1942,1995,0,0,146500.0
8,7.574071150274157,296.84715853113073,1634.0,2006,2006,0,0,250000.0
6,7.621711330764393,191.65321376753505,832.0,1993,1993,0,0,187000.0
8,7.485838712202475,198.41594370446313,1502.0,1985,1985,0,0,212000.0
7,7.769586621747202,200.2510356143257,1161.0,1977,1977,0,1,190000.0
6,7.133024263597422,197.49692629035567,1072.0,2005,2005,0,1,148000.0
8,7.773309304598541,308.50905246312,1976.0,2006,2007,0,0,440000.0
8,7.585550395373072,189.48990701254945,1652.0,2000,2000,1,0,251000.0
5,7.028575322673516,227.3383286074287,970.0,1963,1963,0,1,132500.0
6,7.479545140898534,192.2702632556991,1493.0,1997,1998,0,0,208900.0
9,8.078683156588388,247.8961676330959,2069.0,2006,2006,1,0,380000.0
8,7.626603144082591,285.64105709574244,1718.0,2007,2008,0,0,297000.0
4,7.189019312089718,241.4791565063867,1131.0,1937,2000,0,1,89471.0
9,7.704205515146626,270.3485980387613,1850.0,2004,2005,0,0,326000.0
9,7.6708083075283895,299.076545689797,1792.0,2003,2004,1,0,374000.0
7,7.690513952202188,76.35500378804655,916.0,1915,2005,1,0,155000.0
6,7.264785707860226,158.87630029451446,1216.0,1998,1998,0,1,164000.0
5,7.059342321614513,112.71848151889007,999.0,1962,2001,0,0,132500.0
5,7.172249870707675,112.71848151889007,1113.0,1950,2007,0,0,147000.0
5,7.133998599944846,194.42634798563128,1073.0,1965,1965,0,1,156000.0
5,7.473213756835304,185.76801047423132,1484.0,1971,1971,0,1,175000.0
5,7.983464652946649,195.96302762885824,1766.0,1900,1970,0,1,160000.0
4,6.578486805914263,120.33482442343586,630.0,1970,2002,0,0,86000.0
5,7.337871747804805,137.2518042461402,616.0,1976,1976,0,1,115000.0
6,7.537537102131888,104.27195617018407,958.0,1941,1950,0,0,133000.0
6,7.453269257594889,167.52497416979742,728.0,2006,2006,0,1,172785.0
5,7.30940819386353,127.84165049337814,1269.0,1960,1960,0,1,155000.0
5,6.93400927924993,115.84815171635313,886.0,1938,1996,0,1,91300.0
4,6.71761514606656,0.0,720.0,1920,1950,0,1,34900.0
8,8.288948097990522,203.90962940308097,3228.0,1992,1993,0,0,430000.0
7,7.687063121031634,104.27195617018407,1133.0,1925,1950,0,1,184000.0
5,6.9492128587722135,121.02163914432202,899.0,1967,2004,0,0,130000.0
5,6.964199523759827,124.10131564422858,912.0,1958,1985,0,1,120000.0
6,7.266504375031462,112.71848151889007,672.0,1973,1973,0,1,113000.0
7,7.656673459652104,221.08785526393245,866.0,2005,2005,0,0,226700.0
5,7.263064229457455,177.6438016878652,1214.0,1965,1965,0,1,140000.0
7,7.6760604298778174,184.8348505375304,1801.0,1959,1997,0,1,289000.0
6,7.352215893265387,171.01884976582272,855.0,1974,1974,0,1,147000.0
5,7.764780943836373,158.2313840348364,960.0,1952,1952,0,1,124500.0
8,7.738225804047845,180.77845648122033,1065.0,1993,1994,0,0,215000.0
6,7.266504375031462,242.64879526410587,1218.0,2009,2009,0,0,208300.0
7,7.39563213376932,145.20043925220284,689.0,1928,2005,0,0,161000.0
5,7.102363139167547,114.8071154443438,1041.0,1959,1959,0,1,124500.0
5,7.384177161610656,121.02163914432202,1363.0,1951,2000,0,1,164900.0
7,7.388009345113001,181.7163990335171,1368.0,2005,2006,0,0,202665.0
5,6.907767928522536,227.3383286074287,864.0,1958,1958,0,1,129900.0
6,7.1407937943920805,184.8348505375304,1080.0,1983,1983,0,1,134000.0
5,6.813033764840194,89.82726943206423,789.0,1926,1950,0,1,96500.0
10,7.79641315213411,306.2957202192133,2020.0,2009,2009,1,0,402861.0
6,7.846619407301616,215.09678151224094,1378.0,1972,1972,0,1,158000.0
7,7.9525601139484,303.24631873875876,1277.0,1996,1997,0,0,265000.0
6,7.673145812615345,203.90962940308097,882.0,1998,1998,0,1,211000.0
7,7.82712515816705,118.95847557779645,1276.0,1926,2004,0,0,234000.0
4,7.329817522302872,0.0,694.0,1900,2000,0,1,106250.0
6,7.288595349546121,137.2518042461402,1244.0,1957,1957,0,1,150000.0
6,7.593134382147935,164.65379278874116,1004.0,1947,1950,0,1,159000.0
10,8.679351004024658,301.85787907148034,3138.0,2007,2008,1,0,184750.0
7,7.9764800057047145,287.89031418875425,1383.0,1996,1997,0,0,315750.0
7,7.306932271162363,175.12685382663943,1266.0,2005,2005,0,0,176000.0
5,6.982355901530735,108.51413020432587,928.0,1956,2000,0,1,132000.0
9,8.106157274927494,294.61388530924154,1476.0,2008,2008,1,0,446261.0
4,6.536321394577262,0.0,605.0,1920,2002,0,1,86000.0
6,8.026520990391226,184.8348505375304,2515.0,1957,1975,0,1,200624.0
6,7.4907078585488245,220.19161021397755,1509.0,1988,1989,0,0,175000.0
6,7.383409048810586,190.41773384753935,751.0,1920,1999,0,1,128000.0
5,6.862099952308647,155.64560873968662,827.0,1955,2007,0,1,107500.0
1,5.918908328143092,0.0,334.0,1946,1950,0,0,39300.0
8,7.422626238475503,159.19853177585932,707.0,2004,2004,0,0,178000.0
5,7.371819620439428,0.0,820.0,1910,1991,0,1,107500.0
7,7.630257172330541,198.10971413502045,880.0,1998,1999,0,0,188000.0
4,6.907767928522536,212.99080686304876,864.0,1972,1972,0,1,111250.0
5,7.2145851050326755,137.2518042461402,1159.0,1968,1968,0,1,158000.0
8,7.552695672686566,240.8938453934392,1601.0,2001,2002,0,0,272000.0
9,7.697381940426488,268.3517286526679,1838.0,2006,2006,1,0,315000.0
8,7.9257912159937804,234.433423201501,997.0,2000,2000,0,0,248000.0
7,7.6031622588480205,215.09678151224094,1680.0,1998,1999,0,0,213250.0
7,6.7835421251111345,147.4997606702933,767.0,1998,1998,0,1,133000.0
7,7.481647177009507,166.56918554908623,664.0,2006,2006,0,0,179665.0
7,7.877850204640043,274.33214274370494,1377.0,1988,1988,0,0,229000.0
6,7.574712175278403,171.01884976582272,915.0,1923,1950,0,1,210000.0
5,6.784900787764672,227.3383286074287,768.0,1970,1970,0,1,129500.0
5,6.859573906310729,255.43072800214057,825.0,1955,1995,0,1,125000.0
7,7.834164568183826,224.66448647566668,912.0,2003,2004,0,0,263000.0
6,7.130095826313184,171.01884976582272,1069.0,1977,1977,0,1,140000.0
5,6.982355901530735,121.02163914432202,928.0,1957,1957,0,1,112500.0
8,7.625992906744751,308.50905246312,1717.0,2006,2006,0,0,255500.0
4,7.1843878865911055,195.96302762885824,1126.0,1949,2003,0,0,108000.0
7,7.809831502076975,298.24097820609467,1006.0,2003,2004,0,0,284000.0
5,7.10936518492092,118.26892624436718,1048.0,1922,1950,0,1,113000.0
5,7.152341513809101,124.7832885280012,1092.0,1957,1957,0,1,141000.0
4,7.363238907343393,211.18184582284655,897.0,1920,1950,0,1,108000.0
7,7.446053729843711,160.16432494746712,729.0,1996,1997,0,1,175000.0
7,7.523503684302968,164.65379278874116,1557.0,2003,2004,0,0,234000.0
5,7.406212197101114,198.41594370446313,1392.0,1957,1996,0,1,121500.0
5,7.403953969961856,164.0141863386533,1389.0,1974,1975,0,1,170000.0
5,7.0562009714886065,0.0,996.0,1940,1969,0,1,108000.0
6,7.599412970728951,156.93972574047854,1163.0,1918,1950,0,1,185000.0
7,7.930376311966517,217.19799703729868,1166.0,1992,2000,0,0,268000.0
6,7.582374231443192,95.66487564479634,841.0,1915,1950,0,0,128000.0
9,8.02191588014718,236.7873790996788,1134.0,2005,2007,1,0,325000.0
7,7.508598823983015,199.6397720242384,1535.0,2004,2004,0,0,214000.0
8,7.85303833816486,223.7715712631179,1496.0,1983,2009,0,0,316600.0
5,6.999097180896311,220.19161021397755,943.0,1979,1979,0,1,135960.0
5,7.632686177397187,212.99080686304876,1728.0,1965,1965,0,1,142600.0
6,6.907767928522536,121.02163914432202,864.0,1959,1959,0,0,120000.0
7,7.6106210821075555,235.0224230872889,846.0,2009,2009,0,0,224500.0
7,7.434405103801663,158.2313840348364,774.0,2000,2000,0,1,170000.0
5,7.168486741409182,121.02163914432202,576.0,1971,2005,0,1,139000.0
5,7.264785707860226,137.2518042461402,832.0,1947,1950,0,1,118500.0
7,7.4682629115889885,95.66487564479634,877.0,1928,1950,0,1,145000.0
5,7.3506317149767,209.36929347721832,1320.0,1966,1966,0,1,164500.0
7,7.406212197101114,202.0822471449123,703.0,2007,2007,0,0,146000.0
5,7.672561921692243,142.56230808809255,1050.0,1954,1954,0,1,131500.0
6,7.43367277048386,211.78522965910034,1429.0,1960,1987,0,0,181900.0
8,7.80777820734204,436.17900327253204,2042.0,2008,2009,1,0,253293.0
6,6.848130876213407,0.0,816.0,1990,1990,0,1,118500.0
10,8.129909502814929,300.74606124766837,1521.0,1893,2000,0,0,325000.0
4,7.534212718209626,104.27195617018407,989.0,1935,1995,0,0,133000.0
8,7.800560067492538,300.74606124766837,2028.0,2005,2006,0,0,369900.0
6,6.875885602717517,116.54098020798489,838.0,1918,2000,0,0,130000.0
5,6.9029255202295765,198.41594370446313,860.0,1982,1982,0,1,137000.0
5,7.465423378295127,174.81164935207934,1473.0,1968,2003,1,0,143000.0
5,6.990201705118129,127.84165049337814,779.0,1930,1960,0,1,79500.0
7,7.540189081610953,195.96302762885824,770.0,2004,2004,0,0,185900.0
10,7.930833729183693,290.1355075431905,1728.0,2008,2008,1,0,451950.0
5,6.848130876213407,282.8236997444266,816.0,1982,2003,0,1,138000.0
6,6.888262857999026,164.65379278874116,848.0,2003,2003,0,0,140000.0
5,6.977846138887346,118.26892624436718,924.0,1975,1975,0,1,110000.0
8,7.690513952202188,266.3514120494785,1826.0,2005,2006,0,0,319000.0
6,7.388009345113001,95.66487564479634,684.0,1910,1993,0,1,114504.0
7,7.413704846215222,234.433423201501,1402.0,2006,2007,0,0,194201.0
5,7.582374231443192,226.4478604483708,1647.0,1977,1977,0,0,217500.0
6,7.522830743467265,174.81164935207934,716.0,1980,1980,0,1,151000.0
8,7.734377079904193,260.0418338312891,1058.0,2005,2005,1,0,275000.0
6,7.393351084347402,203.30092435457723,780.0,1937,1950,0,0,141000.0
8,7.74041879010185,191.65321376753505,927.0,1992,1992,0,0,220000.0
7,7.250934384109435,183.58894020794867,600.0,2004,2005,0,0,151000.0
7,7.4802462855881355,199.02807536751703,1494.0,2002,2002,0,0,221000.0
7,7.778604753371408,185.45707778896863,1186.0,1965,1990,0,1,205000.0
5,7.101359029425204,212.99080686304876,1040.0,1996,1996,0,0,152000.0
5,7.7901620783822985,100.70630222315934,1112.0,1948,2002,1,0,225000.0
8,8.277806398484419,151.74820434321248,1940.0,1934,1998,0,1,359100.0
4,7.090250063347789,111.67082513216263,1029.0,1961,1961,0,1,118500.0
9,7.863325672044575,260.0418338312891,1476.0,2000,2000,1,0,313000.0
6,7.093291441008232,209.36929347721832,1032.0,1978,1978,0,1,148000.0
8,7.71660194278023,199.33397795006405,1299.0,2001,2001,1,0,261500.0
5,7.178803124494213,0.0,1120.0,2007,2007,0,1,147000.0
4,6.578486805914263,0.0,630.0,1972,1972,0,1,75500.0
6,7.115330047299678,183.58894020794867,1054.0,1963,1963,0,0,137500.0
6,7.4907078585488245,155.96937011079294,807.0,2002,2003,0,0,183200.0
6,6.868388604712759,198.41594370446313,832.0,1954,1954,0,0,105500.0
9,7.691661725811739,270.9185041938647,1828.0,2007,2007,0,0,314813.0
8,7.915169370611791,263.774450153686,1482.0,2003,2003,0,0,305000.0
3,6.907767928522536,0.0,864.0,1914,1950,0,1,67000.0
6,8.067088574591752,227.3383286074287,1548.0,1974,1997,0,1,240000.0
5,7.039286676240672,184.8348505375304,980.0,1977,1977,0,1,135000.0
6,7.492787768428951,171.01884976582272,756.0,2000,2000,0,0,168500.0
6,7.669637609988685,184.8348505375304,1012.0,1972,1972,0,1,165150.0
6,7.175063408788877,171.01884976582272,1116.0,1962,1962,0,1,160000.0
5,7.4285321333937,120.33482442343586,1422.0,1960,1978,0,1,139900.0
6,7.498314210059633,146.51535719346987,1520.0,1955,1972,0,1,153000.0
5,7.82712515816705,191.0357046863262,1040.0,1969,1969,0,0,135000.0
6,7.374147731502786,195.96302762885824,1350.0,1964,1964,0,1,168500.0
5,7.64594663193374,104.27195617018407,1089.0,1880,1991,1,0,124000.0
8,7.5214835715690205,228.2279903985693,1554.0,2006,2006,0,0,209500.0
7,7.420402963718734,203.30092435457723,1411.0,1977,1977,0,1,82500.0
5,7.117310838926907,111.3211041603443,1056.0,1954,2005,0,1,139400.0
6,7.117310838926907,212.99080686304876,1056.0,1980,1980,0,1,144000.0
6,8.342033621859933,0.0,1440.0,1914,1995,0,0,200000.0
2,6.827474532723359,0.0,800.0,1936,1950,0,0,60000.0
5,7.402445791026918,109.91967872645662,811.0,1954,1954,0,0,93000.0
5,6.822246302923464,0.0,796.0,1910,1950,0,1,85000.0
8,7.530209569151822,234.433423201501,1567.0,2006,2006,1,0,264561.0
8,7.496935314095274,216.5981314336942,1518.0,2003,2004,1,0,274000.0
7,7.74805855683121,235.0224230872889,1057.0,2001,2001,0,0,226000.0
8,8.102664610382027,201.47227127425276,2000.0,1972,1995,1,0,345000.0
5,7.565055637651523,177.95783922672393,780.0,1969,1969,0,1,152000.0
9,7.6554869622191735,182.96525233665184,1766.0,2009,2009,1,0,370878.0
6,7.04035183180735,212.99080686304876,981.0,1971,1971,0,1,143250.0
5,7.10936518492092,164.65379278874116,1048.0,1950,1950,0,1,98300.0
6,7.15425386641243,188.25116787547086,1094.0,1953,1953,0,1,155000.0
6,7.697952260031964,171.652322393731,1051.0,1966,1966,0,1,155000.0
4,6.578486805914263,0.0,630.0,1970,1970,0,1,84500.0
7,7.593763925868412,208.76430348053893,822.0,2007,2007,0,0,205950.0
4,7.491401618038051,123.76000547428652,755.0,1940,1950,0,1,108000.0
7,7.62538231613641,193.50299201821488,909.0,1996,1996,0,0,191000.0
6,7.462576172370994,95.66487564479634,756.0,1906,1995,0,1,135000.0
8,7.843643614262904,289.2940333263408,2113.0,1995,1995,0,0,350000.0
6,7.152341513809101,112.71848151889007,525.0,1971,1971,0,1,88000.0
5,7.114338250452926,129.1955054614332,1053.0,1959,2006,0,0,145500.0
7,7.485838712202475,114.8071154443438,851.0,1931,2000,0,1,149000.0
6,7.454706452343364,135.2481828207522,912.0,1948,1950,0,1,97500.0
5,7.474624022195778,183.58894020794867,1486.0,1964,1999,0,1,167000.0
7,7.75131589034177,205.12578155007614,1142.0,1976,1976,0,1,197900.0
8,7.998155532815518,252.828508032915,1686.0,1994,2005,0,0,402000.0
6,7.406212197101114,212.99080686304876,1392.0,1968,1968,0,1,110000.0
4,7.234245576108572,216.5981314336942,1181.0,1972,1972,0,1,137500.0
8,7.835666927638345,369.645201232158,2097.0,2005,2006,1,0,423000.0
8,7.751857803308751,191.0357046863262,1454.0,2000,2000,0,0,230500.0
6,7.9685667079562545,218.995301827102,1465.0,1965,1979,0,1,129000.0
6,7.602538302435526,212.68956085783967,1679.0,1994,1998,0,0,193500.0
5,7.439517232561046,212.99080686304876,1437.0,1956,1987,0,1,168000.0
4,7.233359842910761,108.51413020432587,1180.0,1922,1950,0,0,137500.0
6,7.467553745306381,202.0822471449123,738.0,2005,2005,0,0,173500.0
6,7.3887741114142615,125.1239529533799,697.0,1925,1950,0,1,103600.0
6,7.257882834220395,203.90962940308097,1208.0,1977,1977,0,1,165000.0
6,7.697952260031964,163.37400339461365,1839.0,1957,2004,0,0,257500.0
6,7.193630436291018,153.04987883637892,1136.0,1965,1965,0,1,140000.0
6,7.4424273502063265,171.01884976582272,855.0,1978,1978,0,1,148500.0
4,7.660224966062878,272.3420572856993,1095.0,1900,1950,0,1,87000.0
5,6.8169919008005255,104.27195617018407,792.0,1924,2006,0,0,109500.0
8,7.809831502076975,287.89031418875425,2046.0,2008,2008,0,0,372500.0
5,7.047777847827284,211.78522965910034,988.0,1961,1961,0,1,128500.0
6,6.9767156670408506,112.71848151889007,923.0,1980,1980,0,1,143000.0
5,7.498314210059633,118.61381628980253,848.0,1932,2000,0,1,159434.0
6,7.327389190813058,168.16146718043177,1291.0,1996,1997,0,0,173000.0
9,7.595650305176133,250.22007213735407,1668.0,2002,2002,0,0,285000.0
7,7.697952260031964,185.45707778896863,1195.0,1998,1998,0,1,221000.0
7,7.832158091782069,213.2919543439963,1190.0,1984,1984,0,0,207500.0
7,7.652514867059971,213.5930035032791,874.0,2007,2007,0,0,227875.0
7,7.1618686938302085,183.58894020794867,551.0,2004,2004,0,0,148800.0
8,7.426321301006807,210.27602137506227,1419.0,2007,2007,0,0,392000.0
6,7.383409048810586,177.32963582817308,1362.0,2005,2006,0,0,194700.0
6,6.888262857999026,164.65379278874116,848.0,2004,2004,0,0,141000.0
10,8.594874351950057,287.32838270129827,2444.0,1994,1995,1,0,755000.0
7,8.028190615222131,228.52436592856031,1238.0,1989,1990,0,0,335000.0
5,7.133998599944846,133.90862931512467,1073.0,1921,1968,0,1,108480.0
5,7.5113245226349745,212.99080686304876,1067.0,1936,1950,0,1,141500.0
6,7.194550240659463,205.42955883549678,1137.0,1987,1987,0,0,176000.0
5,6.555083516838383,91.66063659158512,616.0,1921,1950,0,1,89000.0
5,7.204615363914621,127.84165049337814,1148.0,1952,1952,0,1,123500.0
5,6.943391341553221,137.2518042461402,894.0,1965,2009,0,1,138500.0
7,7.4054599925264,199.02807536751703,1391.0,2004,2004,0,0,196000.0
8,7.675478150214638,268.3517286526679,1800.0,2002,2002,0,0,312500.0
7,7.219085762010611,198.41594370446313,1164.0,1969,1969,0,1,140000.0
8,8.051700668901033,239.72223388311917,1264.0,2006,2006,1,0,361919.0
5,7.682444386019627,241.4791565063867,1032.0,1900,1996,0,0,140000.0
7,7.473213756835304,221.98326050979904,1484.0,2004,2005,0,0,213000.0
4,7.152341513809101,0.0,372.0,1930,1950,0,0,55000.0
7,7.689364928693058,260.9043022122224,1824.0,1971,2002,0,0,302000.0
8,7.353797691813488,205.12578155007614,1324.0,2006,2006,0,0,254000.0
7,7.453269257594889,158.2313840348364,728.0,2007,2007,0,0,179540.0
5,6.955002290886059,160.80744038845617,904.0,1966,1966,0,1,109900.0
3,6.730564310322621,0.0,729.0,1935,2003,0,1,52000.0
4,7.231586136643513,153.04987883637892,859.0,1900,1950,0,1,102776.0
8,7.275055862691571,181.09122867557275,1228.0,1988,1989,0,0,189000.0
4,7.017753672084655,212.99080686304876,960.0,1970,1970,0,1,129000.0
6,7.469679813941192,182.02879782142008,725.0,1976,2005,0,0,130500.0
6,7.374147731502786,182.96525233665184,1350.0,1974,1974,0,1,165000.0
7,8.042688450595124,250.80026654667907,1576.0,1890,1998,0,1,159500.0
5,7.231586136643513,170.7019102088413,1178.0,1973,2000,0,0,157000.0
7,7.985203626785895,329.08538095000364,1325.0,1993,1994,0,0,341000.0
5,7.02965138401921,125.1239529533799,971.0,1969,1969,0,1,128500.0
8,7.641143914073393,209.36929347721832,1742.0,1985,1985,0,0,275000.0
6,6.888262857999026,164.65379278874116,848.0,2004,2004,0,0,143000.0
4,6.907767928522536,178.27174877414345,864.0,1970,1970,0,1,124500.0
4,7.4632886954362725,204.5179145289512,997.0,1954,1972,0,1,135000.0
9,7.614330804395605,269.20794974745485,1698.0,2007,2008,1,0,320000.0
4,6.907767928522536,237.96232572810112,864.0,1970,1970,0,0,120500.0
6,7.6031622588480205,202.0822471449123,1680.0,1988,2007,0,0,222000.0
7,7.278457097540031,229.70898053180986,1232.0,2007,2007,0,0,194500.0
5,7.661406149540739,302.96874883657165,1776.0,1958,1958,0,1,110000.0
4,7.257882834220395,201.77731250963882,848.0,1925,1950,0,1,103000.0
8,7.562465553984899,222.5797332201641,1616.0,1995,1996,0,0,236500.0
7,7.202792489504317,170.38483466848163,1146.0,2003,2003,0,0,187500.0
7,7.802110971221704,202.38707541426555,1153.0,1998,1999,0,0,222500.0
5,7.200966451124709,112.71848151889007,1144.0,1961,1983,0,1,131400.0
5,7.004618852161511,125.1239529533799,948.0,1968,1968,0,1,108000.0
7,7.656673459652104,131.89347913260235,880.0,1914,1970,0,1,163000.0
3,7.101359029425204,158.2313840348364,1040.0,1950,1950,0,1,93500.0
8,7.6760604298778174,278.3023341782025,901.0,2005,2005,0,0,239900.0
5,7.250934384109435,0.0,1200.0,1987,1988,0,1,179000.0
7,7.632686177397187,211.78522965910034,864.0,2004,2004,0,0,190000.0
5,7.435868244998835,145.20043925220284,768.0,1910,2002,0,1,132000.0
6,6.964199523759827,121.02163914432202,912.0,1961,1996,0,0,142000.0
7,7.373372266194256,201.77731250963882,1349.0,2000,2001,0,1,179000.0
5,7.459006311755968,183.58894020794867,1464.0,1963,1999,0,1,175000.0
8,7.364021867739356,177.95783922672393,1337.0,1993,1993,0,0,180000.0
8,8.106931858953942,287.0473214890445,1175.0,1976,1996,0,0,299800.0
7,7.912380802982176,206.34026847762115,980.0,2000,2000,0,0,236000.0
7,8.07748959478838,296.28920621126343,1320.0,1880,2003,0,0,265979.0
7,7.627822560585442,198.10971413502045,1720.0,1996,1996,0,0,260400.0
4,7.504497013546772,104.27195617018407,1088.0,1945,1950,0,1,98000.0
4,7.197304838249469,0.0,792.0,1910,2004,0,1,96500.0
7,7.3506317149767,158.2313840348364,660.0,2003,2003,0,0,162000.0
6,7.4802462855881355,212.99080686304876,1494.0,1997,1997,0,0,217000.0
8,7.8361672395491375,300.189795216003,1038.0,2005,2005,1,0,275500.0
6,7.0871998618078065,171.01884976582272,1026.0,1969,2005,0,0,156000.0
6,7.464000737010701,171.01884976582272,742.0,1999,1999,0,1,172500.0
8,7.656673459652104,213.5930035032791,866.0,2007,2007,0,0,212000.0
6,7.40169089098296,171.01884976582272,672.0,1978,1978,0,1,158900.0
7,7.4851412797252355,171.01884976582272,757.0,1999,1999,0,1,179400.0
8,8.03318372818002,264.63408260478184,1328.0,1995,1995,0,0,290000.0
6,6.907767928522536,125.1239529533799,864.0,1959,1959,0,1,127500.0
5,7.335461942855745,171.01884976582272,1301.0,1924,1950,0,0,100000.0
7,7.516754864427925,224.36693946093243,764.0,2009,2009,0,0,215200.0
8,7.961926730417102,294.05495477941156,1268.0,1999,1999,0,0,337000.0
8,7.4802462855881355,183.9006005150637,1494.0,1995,1996,1,0,270000.0
9,7.488623835664165,217.79747961584363,1506.0,2008,2008,1,0,264132.0
7,7.624160073465289,188.56102885626532,980.0,1988,1988,0,1,196500.0
6,7.64594663193374,165.612128646969,983.0,1940,1985,0,1,160000.0
7,7.696240375618858,184.8348505375304,1836.0,2004,2005,0,0,216837.0
8,8.305443883022049,289.85507903486666,1690.0,2003,2003,1,0,538000.0
5,6.90049591682655,212.99080686304876,858.0,1982,1982,0,1,134900.0
4,7.268220240166852,156.93972574047854,1220.0,1951,1951,0,1,102000.0
6,7.175999584925572,241.4791565063867,1117.0,1976,1976,0,1,107000.0
5,6.964199523759827,116.54098020798489,912.0,1958,1958,0,1,114500.0
8,7.771715476300312,304.91050487695605,1973.0,2006,2006,0,0,395000.0
6,7.2544143439273565,162.09189483663235,1204.0,1998,1998,0,1,162000.0
7,7.56116812217267,296.5682127721925,1614.0,2005,2006,0,0,221500.0
5,6.943391341553221,171.01884976582272,894.0,1974,1974,0,1,142500.0
5,7.79641315213411,229.11685039888818,2020.0,1977,1977,0,1,144000.0
6,7.06455713260415,191.0357046863262,1004.0,1977,1977,0,1,135000.0
7,7.296135466180571,158.87630029451446,1253.0,1995,1996,0,1,176000.0
6,7.55400356632712,184.8348505375304,810.0,1992,1992,0,0,175900.0
7,7.434405103801663,221.684885100548,1430.0,2001,2002,0,0,187100.0
5,7.169428786664845,220.78920047059967,1110.0,1978,1978,0,0,165500.0
6,7.473213756835304,0.0,742.0,1914,2001,0,1,128000.0
6,7.3679279614954005,176.38636500662582,1342.0,1967,1967,0,1,161500.0
5,7.585550395373072,163.37400339461365,966.0,1915,1950,0,1,139000.0
7,7.829141210923108,225.55658129595864,956.0,2004,2004,0,0,233000.0
4,6.951532461940155,118.61381628980253,901.0,1954,2000,0,1,107900.0
6,7.83065072868642,172.28525546230074,976.0,1966,2007,0,0,187500.0
7,7.20187986649917,157.2628696690302,1145.0,2005,2006,0,0,160200.0
6,7.1232309237561715,201.77731250963882,1062.0,1976,1976,0,1,146800.0
7,7.792771191788663,175.75687007830876,1127.0,1996,1997,0,1,269790.0
8,7.481647177009507,181.7163990335171,1496.0,2007,2007,0,0,225000.0
7,7.729408007595414,161.1287754106661,1086.0,1994,1996,0,0,194500.0
6,7.528202279273077,182.34107276242506,888.0,1980,1981,0,1,171000.0
6,7.32251566028292,198.41594370446313,1285.0,1977,1977,0,1,143500.0
5,6.791667839770242,104.27195617018407,773.0,1953,1953,0,1,110000.0
9,8.259866203884547,283.95141934718515,1966.0,2008,2009,1,0,485000.0
5,7.656673459652104,104.27195617018407,981.0,1937,1950,0,0,175000.0
6,7.608140664527929,221.08785526393245,616.0,1997,1997,0,0,200000.0
4,7.247442878417522,171.01884976582272,1196.0,1916,1990,0,1,109900.0
7,7.453269257594889,161.44996254137624,728.0,2005,2005,0,0,189000.0
9,8.147566423884271,339.1263738676507,1734.0,2008,2009,1,0,582933.0
5,7.18624290442073,120.33482442343586,1128.0,1954,1954,0,1,118000.0
7,7.432939927740415,206.34026847762115,1428.0,2008,2008,1,0,227680.0
5,7.039286676240672,153.04987883637892,980.0,1967,1967,0,1,135500.0
5,7.536208606346183,198.41594370446313,1072.0,1923,2004,0,0,223500.0
5,7.146583503508657,184.8348505375304,1086.0,1966,1966,0,1,159950.0
5,7.855987814928833,145.20043925220284,1075.0,1898,1965,0,1,106000.0
6,7.341875873391793,184.8348505375304,1309.0,1974,1999,0,0,181000.0
6,6.888262857999026,164.65379278874116,848.0,2004,2004,0,0,144500.0
5,7.105369727572948,191.0357046863262,1044.0,1952,1952,0,0,55993.0
6,7.443153625374022,125.46440383174449,1442.0,1958,1958,0,1,157900.0
5,7.293628090458217,118.26892624436718,686.0,1918,1950,0,0,116000.0
7,7.591243492830488,219.59364449638264,1661.0,1998,1998,0,0,224900.0
5,7.0687104343142035,116.54098020798489,1008.0,1954,1954,0,1,137000.0
8,7.60876131605653,294.3344507825777,1689.0,2002,2002,0,0,271000.0
6,7.113345517225247,171.01884976582272,1052.0,1971,1971,0,1,155000.0
7,7.38033098330251,184.8348505375304,1358.0,2009,2010,0,0,224000.0
7,7.5779114676664765,218.69598866674508,798.0,2003,2003,0,0,183000.0
4,6.991317766827958,212.99080686304876,936.0,1953,1953,0,1,93000.0
7,7.6357145886956355,168.79740426075938,847.0,2003,2003,0,0,225000.0
6,7.476735887735352,104.27195617018407,944.0,1940,1950,0,1,139500.0
8,7.476735887735352,271.48813282857554,1489.0,2006,2006,0,0,232600.0
10,7.829141210923108,392.28466160151027,2084.0,2007,2008,1,0,385000.0
5,6.806403518767866,0.0,784.0,1924,1950,0,0,109500.0
7,7.437329356994056,198.10971413502045,1434.0,2001,2001,0,0,189000.0
5,7.850080601583235,201.47227127425276,1160.0,1967,1967,0,1,185000.0
7,7.270788804057381,183.58894020794867,520.0,2005,2005,0,0,147400.0
6,7.406212197101114,176.70091782087988,1392.0,1957,1957,0,1,166000.0
7,7.250934384109435,183.58894020794867,520.0,2005,2005,0,0,151000.0
7,7.692235144756055,224.06930111569912,941.0,2003,2003,0,0,237000.0
6,7.495554611674823,181.09122867557275,1516.0,1964,1964,0,1,167000.0
5,7.200966451124709,176.07168253821035,1144.0,1961,1961,0,1,139950.0
4,7.128138994368123,169.75027416258254,1067.0,1950,1995,0,0,128000.0
5,7.5248482784989825,281.69493755987685,1559.0,1948,1973,0,1,153500.0
6,7.046720195295275,112.71848151889007,483.0,1973,1973,0,1,100000.0
5,7.159019590393841,142.56230808809255,1099.0,1995,2006,0,0,144000.0
5,7.250934384109435,104.27195617018407,768.0,1946,1995,0,1,130500.0
6,7.471801601564742,158.2313840348364,810.0,1925,1950,0,0,140000.0
5,7.5113245226349745,245.5672086740445,958.0,1904,2002,0,0,157500.0
6,7.21998358775904,186.70008828681972,1165.0,1966,1966,0,1,174900.0
5,7.675478150214638,0.0,1800.0,1961,1961,0,1,141000.0
5,7.424105819137531,255.43072800214057,876.0,1915,1950,0,1,153900.0
5,7.616180783655527,223.4737497257084,1701.0,1975,1981,0,1,171000.0
7,7.66081572311679,166.25030802562895,1006.0,1993,1993,0,0,213000.0
5,6.907767928522536,137.91817726476376,864.0,1972,1972,0,1,133500.0
6,7.958813739743733,145.20043925220284,1307.0,1908,1997,0,1,240000.0
6,7.70703569962966,193.50299201821488,1094.0,1976,1994,0,1,187000.0
6,6.888262857999026,164.65379278874116,848.0,2003,2003,0,0,131500.0
8,7.453269257594889,158.2313840348364,1456.0,2003,2003,0,0,215000.0
7,7.581737849000647,104.27195617018407,918.0,1941,1950,0,1,164000.0
6,7.4453294517773,233.54928044371184,1445.0,1964,1964,0,1,158000.0
5,7.663175448740224,175.4419272879768,1779.0,1955,1974,0,1,170000.0
5,7.101359029425204,111.3211041603443,1040.0,1962,2010,0,1,127000.0
6,7.0871998618078065,212.99080686304876,1026.0,1978,1978,0,1,147000.0
6,7.471094813623888,139.5808765421038,702.0,1994,1995,0,1,174000.0
7,7.389538322807609,183.27715758280678,1370.0,1976,1976,0,1,152000.0
6,8.083048061605448,225.85376474466798,1512.0,1968,1984,0,0,250000.0
7,7.431472711129197,95.66487564479634,912.0,1918,1998,0,0,189950.0
5,7.100353959821272,191.0357046863262,1039.0,1965,1965,0,1,131500.0
6,7.157115891360156,183.58894020794867,1097.0,1984,1985,0,1,152000.0
5,7.204615363914621,241.4791565063867,1148.0,1959,1959,0,1,132500.0
7,7.391065084097749,198.7220640336378,1372.0,2007,2008,0,0,250580.0
5,7.062474311684593,306.849399785515,1002.0,1970,1970,0,1,148500.0
8,7.581737849000647,297.9623352109559,1646.0,2006,2007,0,0,248900.0
4,7.178803124494213,203.30092435457723,1120.0,1961,1961,0,0,129000.0
5,7.941752757228936,241.4791565063867,1547.0,1948,1950,0,1,169000.0
7,7.758877470537335,212.38821612500232,1062.0,1993,1994,0,0,236000.0
5,6.943391341553221,127.84165049337814,894.0,1962,1962,0,1,109500.0
6,7.604409065254771,196.88369851943722,804.0,1998,1998,0,0,200500.0
5,6.961907753470367,162.73324066828607,910.0,1953,1996,0,0,116000.0
5,7.308583533152012,121.02163914432202,1036.0,1949,1950,0,1,133000.0
5,7.189019312089718,89.82726943206423,676.0,1941,1950,0,1,66500.0
8,8.065479299178568,205.12578155007614,1184.0,2007,2007,1,0,303477.0
4,7.101359029425204,234.433423201501,1040.0,1963,1963,0,1,132250.0
9,7.897382847567855,260.6168862073169,1462.0,2004,2005,1,0,350000.0
5,7.210970666102344,212.99080686304876,1155.0,1961,1995,0,0,148000.0
5,6.907767928522536,137.2518042461402,864.0,1978,2005,0,1,136500.0
5,7.150425677639117,174.18084598614104,1090.0,2005,2006,0,1,157000.0
7,7.625992906744751,158.2313840348364,1187.0,1990,1991,0,0,187500.0
6,7.547447811976948,154.67338957475317,808.0,1992,1993,0,1,178000.0
4,7.900211230045115,171.01884976582272,954.0,1912,1950,0,1,118500.0
5,6.941053670675543,121.02163914432202,892.0,1967,1967,0,1,100000.0
9,7.621098255726681,191.65321376753505,1709.0,1999,2000,0,0,328900.0
5,7.62293641277615,216.5981314336942,1712.0,1959,2005,0,1,145000.0
5,7.406963864897514,125.1239529533799,872.0,1955,1955,0,1,135500.0
8,7.89407346892707,226.4478604483708,2217.0,1970,1970,0,0,268000.0
6,7.487928244544978,191.34451681090567,1505.0,1953,1953,0,1,149500.0
5,6.977846138887346,212.99080686304876,672.0,1949,2006,0,1,122900.0
6,7.605031916123153,171.01884976582272,918.0,1978,1978,0,1,172500.0
6,7.129117865512638,112.71848151889007,1068.0,1963,2003,0,1,154500.0
5,7.399422939204437,143.22288929525533,1383.0,1954,1954,0,1,165000.0
5,7.508598823983015,158.2313840348364,1535.0,1979,1979,0,1,118858.0
6,7.673145812615345,184.52355538028922,983.0,1963,1963,0,1,140000.0
4,7.007917981003587,134.24380622117107,951.0,1936,1950,0,1,106500.0
5,7.904908438708616,198.41594370446313,1120.0,1979,1979,0,1,142953.0
9,7.961482578461371,283.95141934718515,2364.0,2009,2010,1,0,611657.0
5,7.281847376696152,121.02163914432202,1236.0,1961,1994,0,1,135000.0
4,6.90049591682655,244.98417100625994,858.0,1971,1971,0,1,110000.0
5,7.339475225775484,265.7792545831688,1306.0,1957,2000,0,1,153000.0
7,7.4907078585488245,155.96937011079294,807.0,2003,2003,0,0,180000.0
7,7.596906019320001,246.73232429677927,1670.0,2006,2006,0,0,240000.0
5,6.952690345540334,121.02163914432202,902.0,1967,1967,0,1,125500.0
5,7.124214372243052,118.26892624436718,1063.0,1954,1954,0,1,128000.0
8,7.575352810808658,296.5682127721925,1636.0,2006,2006,0,0,255000.0
7,7.815457561042401,82.40481040341002,1020.0,1936,1987,0,0,250000.0
5,6.952690345540334,184.8348505375304,902.0,1983,1983,0,1,131000.0
6,7.473213756835304,154.99761894473843,742.0,2005,2005,0,0,174000.0
5,7.920724523244314,183.58894020794867,1105.0,1960,1960,0,1,154300.0
5,7.308583533152012,108.51413020432587,1268.0,1977,1989,0,0,143500.0
5,7.075939458913998,174.18084598614104,1015.0,1925,1950,0,1,88000.0
5,7.787022607197507,298.24097820609467,1001.0,1949,1950,0,1,145000.0
6,7.271643600887658,198.41594370446313,612.0,2009,2009,0,0,173733.0
4,7.152341513809101,120.33482442343586,546.0,1970,1970,0,1,75000.0
2,6.29551692713928,127.84165049337814,480.0,1949,1950,0,1,35311.0
4,7.275907202385178,119.64710574990627,1229.0,1956,1956,0,1,135000.0
7,7.850574133248839,287.6093802376181,912.0,1991,1991,0,0,238000.0
6,7.422626238475503,220.4904521821646,1414.0,1958,2002,0,1,176500.0
6,7.628431740567995,180.77845648122033,936.0,1994,1994,0,0,201000.0
5,7.8859929798951525,0.0,1272.0,1900,2003,0,1,145900.0
6,7.34745619036876,157.2628696690302,1316.0,2005,2006,0,0,169990.0
6,7.5631136716595595,199.94545783200212,1617.0,1993,1994,0,0,193000.0
6,7.606898264616807,223.7715712631179,1686.0,1980,1980,0,1,207500.0
5,7.1843878865911055,202.0822471449123,1126.0,1977,1977,1,0,175000.0
8,7.965915720791549,236.7873790996788,1234.0,2003,2004,1,0,285000.0
7,7.774370521508779,185.45707778896863,1098.0,1968,1968,0,1,176000.0
8,7.6684656119318,196.576919038299,1788.0,2001,2001,1,0,236500.0
7,7.9030320605908635,232.66436238253502,993.0,1997,1997,0,0,222000.0
8,7.460435707686496,223.17583632535542,1466.0,2007,2007,0,0,201000.0
5,6.978975395646277,167.52497416979742,925.0,1965,1965,0,1,117500.0
9,7.734927757656611,274.90012391863127,1905.0,2006,2006,1,0,320000.0
7,7.4844433853793735,211.18184582284655,1500.0,2004,2004,0,0,190000.0
7,7.821561084561369,191.34451681090567,2069.0,1960,2007,0,0,242000.0
4,6.755992773355853,198.41594370446313,747.0,1926,1953,0,1,79900.0
7,7.250934384109435,206.64363169469206,1200.0,2003,2003,0,0,184900.0
7,7.770651585663235,246.4411650102107,1113.0,2005,2005,0,0,253000.0
7,7.765850764513982,297.40486797625016,1391.0,2006,2006,0,0,239799.0
7,7.978667670183089,141.57010956872162,1207.0,1940,1950,0,1,244400.0
6,7.632686177397187,212.38821612500232,1728.0,1976,1976,0,1,150900.0
7,7.816986752529412,154.99761894473843,1022.0,1999,1999,0,0,214000.0
4,7.441700574035787,0.0,1440.0,1977,1977,0,1,150000.0
5,7.572787929941399,212.99080686304876,1632.0,1967,1967,0,1,143000.0
6,7.369486351252655,197.49692629035567,1344.0,1958,1958,0,0,137500.0
5,7.714920071292164,176.07168253821035,1188.0,1890,1996,0,1,124900.0
5,7.200966451124709,277.16933999473974,1144.0,1959,1959,0,1,143000.0
8,7.570860166475113,280.56512669293875,1629.0,2002,2003,0,0,270000.0
7,7.661406149540739,181.7163990335171,936.0,2002,2002,0,0,192500.0
6,7.39790825382893,242.64879526410587,1381.0,1972,2006,0,0,197500.0
5,6.907767928522536,255.43072800214057,864.0,1950,2002,0,0,129000.0
5,7.023178426744458,125.1239529533799,965.0,1965,1965,0,1,119900.0
5,6.784900787764672,156.93972574047854,768.0,1972,2003,0,1,133900.0
5,7.769053736630279,199.02807536751703,1168.0,1969,1969,0,1,172000.0
6,7.039286676240672,0.0,980.0,1975,1975,0,1,127500.0
6,7.763710037837283,187.32087619859692,979.0,1946,1950,0,1,145000.0
6,7.275907202385178,177.95783922672393,561.0,1980,1980,0,1,124000.0
5,7.1182998372330974,212.99080686304876,1057.0,1962,1962,0,1,132000.0
7,7.364021867739356,199.33397795006405,1337.0,2003,2003,0,0,185000.0
7,7.424105819137531,184.8348505375304,696.0,1999,1999,0,0,155000.0
5,6.90049591682655,0.0,858.0,1958,2008,0,1,116500.0
6,8.16603242933299,225.85376474466798,1542.0,1977,1995,0,1,272000.0
6,7.517431694228248,171.01884976582272,804.0,1976,1976,0,0,155000.0
9,7.675478150214638,250.22007213735407,1800.0,2007,2007,1,0,239000.0
7,7.728854441499095,192.88685529674297,824.0,2002,2003,0,0,214900.0
6,7.473213756835304,155.96937011079294,783.0,2005,2007,0,0,178900.0
5,7.34107626552641,109.91967872645662,976.0,1940,1950,0,1,160000.0
5,7.158068171591202,111.3211041603443,1098.0,1955,1955,0,1,135000.0
3,7.026419888974266,0.0,600.0,1910,1950,0,1,37900.0
6,7.1552087403434745,112.71848151889007,1095.0,1958,1958,0,1,140000.0
4,7.243939749736793,0.0,720.0,1949,1950,0,1,135000.0
7,7.568928871950435,181.7163990335171,764.0,2003,2004,0,0,173000.0
6,6.971044989284761,112.71848151889007,918.0,1979,1979,0,1,99500.0
7,7.432939927740415,183.58894020794867,1428.0,2007,2008,0,0,182000.0
7,7.7958936406061525,199.6397720242384,1136.0,1910,1993,0,0,167500.0
7,7.398665868791583,186.70008828681972,673.0,2000,2000,0,0,165000.0
4,6.9137897072800545,0.0,869.0,1923,1958,0,0,85500.0
7,7.286069926648807,210.8800043741172,1241.0,2006,2007,0,0,199900.0
4,6.943391341553221,158.2313840348364,894.0,1954,1954,0,1,110000.0
5,7.179735979669552,183.58894020794867,1121.0,1963,1963,0,1,139000.0
7,7.059342321614513,216.5981314336942,999.0,1961,2007,1,0,178400.0
8,8.06628424299721,242.64879526410587,1276.0,1998,1999,0,0,336000.0
7,7.306932271162363,154.34900325457428,1266.0,2007,2007,0,0,159895.0
8,7.928086250984133,272.3420572856993,1149.0,2002,2002,0,0,255900.0
5,7.636319228962849,201.77731250963882,1302.0,1977,1977,0,0,126000.0
5,7.219085762010611,104.27195617018407,1164.0,1950,1950,0,1,125000.0
6,7.574712175278403,109.56868112177149,1001.0,1910,2003,0,0,117000.0
9,7.754022677260317,221.98326050979904,1940.0,2009,2010,1,0,395192.0
6,7.801594256391295,205.42955883549678,1118.0,1976,1976,0,0,195000.0
7,7.536208606346183,224.36693946093243,778.0,2006,2006,0,0,197000.0
8,7.973848817325774,297.9623352109559,1407.0,1997,1998,0,0,348000.0
8,7.641143914073393,165.93128919003794,916.0,1882,1986,0,0,168000.0
6,7.7047721596234195,171.01884976582272,1020.0,1964,1993,0,0,187000.0
6,7.4844433853793735,209.36929347721832,750.0,2005,2006,0,0,173900.0
10,7.626603144082591,274.33214274370494,1718.0,2006,2007,1,0,337500.0
4,7.2767578540150275,126.82408859063979,774.0,1946,1950,0,1,121600.0
5,7.111357234520387,147.8275581030279,1050.0,1961,1961,0,1,136500.0
6,7.443153625374022,224.66448647566668,1442.0,1970,1970,0,1,185000.0
3,7.137886942983956,93.4856231938096,1077.0,1922,1950,0,1,91000.0
7,7.257882834220395,229.70898053180986,1208.0,2006,2006,0,0,206000.0
3,7.000203838853697,198.41594370446313,944.0,1952,1952,0,0,82000.0
5,6.674768100004805,95.66487564479634,691.0,1920,1950,1,0,86000.0
8,7.534878434224094,285.07810240372316,1574.0,2006,2006,0,0,232000.0
5,7.6031622588480205,198.41594370446313,1680.0,1976,1976,0,1,136905.0
7,7.487232194001313,176.38636500662582,1504.0,2005,2006,0,0,181000.0
5,7.044601691985715,134.5787903105695,985.0,1977,1977,0,1,149900.0
6,7.588717021153616,184.8348505375304,1657.0,1970,1970,0,1,163500.0
4,7.152341513809101,120.33482442343586,546.0,1970,1970,0,1,88000.0
7,7.621711330764393,205.12578155007614,1710.0,2004,2005,0,0,240000.0
5,7.4996913043036475,0.0,1008.0,1926,1950,0,1,102000.0
5,7.311055579796606,129.1955054614332,720.0,1948,1950,0,1,135000.0
5,7.593134382147935,0.0,1664.0,1965,1965,0,1,100000.0
6,7.485838712202475,82.40481040341002,900.0,1923,1996,0,0,165000.0
5,7.083119111284803,118.26892624436718,1022.0,1910,2006,0,1,85000.0
6,7.142727241134302,104.27195617018407,1082.0,1948,1950,0,1,119200.0
8,7.593763925868412,198.41594370446313,810.0,2001,2001,0,0,227000.0
7,7.487232194001313,182.96525233665184,1504.0,1996,1996,0,0,203000.0
8,7.381871140563865,209.67163684399677,1360.0,1984,1984,0,0,187500.0
7,7.464712297746642,158.87630029451446,802.0,1991,1992,0,0,160000.0
7,7.488623835664165,171.01884976582272,1506.0,2005,2005,0,0,213490.0
4,7.189943155311687,174.4963135204254,1132.0,2005,2005,0,0,176000.0
7,7.268220240166852,229.70898053180986,1220.0,2006,2006,0,0,194000.0
5,7.291953182354944,74.8255731775722,912.0,1930,1950,0,1,87000.0
7,7.487232194001313,170.06762277644273,1504.0,2005,2006,0,0,191000.0
8,8.175508888860314,239.42912404877347,2898.0,1976,1976,0,0,287000.0
5,6.929286633455966,177.6438016878652,882.0,1972,1972,0,1,112500.0
5,7.305278414953659,177.6438016878652,1264.0,1960,1960,0,1,167500.0
8,7.581737849000647,278.3023341782025,1646.0,2007,2008,0,0,293077.0
5,7.394111983183776,104.27195617018407,968.0,1941,1950,0,1,105000.0
6,7.266504375031462,112.71848151889007,672.0,1972,1972,0,1,118000.0
5,7.7475146892719895,0.0,948.0,1916,1995,0,1,160000.0
7,8.240252364095728,241.4791565063867,1687.0,1920,1970,0,1,197000.0
8,8.028607609782735,277.16933999473974,1352.0,1993,1993,0,0,310000.0
7,7.586818187043047,306.2957202192133,1654.0,2002,2002,0,0,230000.0
5,7.011206784282341,104.27195617018407,954.0,1938,1950,0,0,119750.0
4,6.884564976705294,121.70755734427527,845.0,1957,1957,0,1,84000.0
9,7.565055637651523,309.6143386051984,1620.0,2007,2008,1,0,315500.0
8,7.915633417182426,307.67948543453366,1055.0,2001,2002,0,0,287000.0
4,7.369486351252655,0.0,798.0,1970,2008,0,1,97000.0
4,6.578486805914263,120.33482442343586,630.0,1970,1970,0,1,80000.0
5,7.677224026013173,184.8348505375304,1803.0,1957,2000,0,1,155000.0
6,7.572787929941399,184.8348505375304,800.0,1966,2000,0,0,173000.0
6,7.339475225775484,227.3383286074287,1306.0,2005,2005,0,0,196000.0
7,7.945818479134191,194.11867552951506,1532.0,1990,1990,0,0,262280.0
8,8.030273945340875,202.69179755094532,2524.0,1981,1981,0,0,278000.0
3,7.6357145886956355,174.81164935207934,1733.0,1955,1955,0,1,139600.0
9,8.164566950464355,254.2749472355644,1992.0,2005,2006,1,0,556581.0
5,7.049889965389424,241.4791565063867,990.0,1994,1995,0,1,145000.0
5,7.65845070740143,137.2518042461402,1771.0,1960,2006,0,1,115000.0
4,6.984603544445756,127.84165049337814,930.0,1946,2006,0,0,84900.0
7,7.3362658241530605,169.75027416258254,1302.0,2007,2007,0,0,176485.0
7,7.34745619036876,171.01884976582272,1316.0,2007,2007,0,0,200141.0
6,7.773840046402946,202.0822471449123,1127.0,1964,1978,0,1,165000.0
5,7.50244010648067,146.51535719346987,1526.0,1957,2002,0,1,144500.0
8,7.7801882221394125,215.99788125845743,1091.0,2002,2002,0,0,255000.0
6,7.5003791772553585,182.96525233665184,1523.0,1976,1976,0,1,180000.0
7,7.384944714622095,184.8348505375304,1364.0,2005,2005,0,0,185850.0
7,7.704205515146626,179.52611358316457,979.0,1994,1994,0,0,248000.0
9,7.878330932887576,288.45199169728835,1130.0,2008,2008,1,0,335000.0
6,7.781242550042299,168.47950502090484,1096.0,1932,1950,0,1,220000.0
8,7.364804246433737,214.79622094898485,1338.0,2001,2001,0,0,213500.0
3,6.943391341553221,399.58987302482404,894.0,1935,1950,0,1,81000.0
5,7.949419368990395,208.15890770922698,1422.0,1900,1950,0,1,90000.0
6,7.162816682496926,171.01884976582272,1103.0,1925,1980,0,0,110500.0
5,7.210065112844868,183.58894020794867,1154.0,1966,1966,0,1,154000.0
7,7.91424066559022,199.94545783200212,1306.0,1996,1997,0,0,328000.0
6,7.532880023610424,151.74820434321248,799.0,1993,1994,0,1,178000.0
6,7.559218975899014,171.652322393731,798.0,1964,1964,0,1,167900.0
6,8.029024439945,212.99080686304876,1291.0,1973,1973,0,1,151400.0
5,6.942223156431493,212.99080686304876,893.0,1949,2003,0,0,135000.0
5,7.10936518492092,120.33482442343586,1048.0,1956,1956,0,1,135000.0
6,7.522830743467265,171.33565370589957,829.0,1968,1968,0,1,154000.0
5,7.453269257594889,118.26892624436718,1002.0,1948,1950,0,1,91500.0
6,7.431472711129197,171.01884976582272,698.0,1977,1977,0,1,159500.0
7,7.285226770733733,285.64105709574244,1240.0,2006,2006,0,0,194000.0
7,7.639939810088866,104.27195617018407,960.0,1940,1984,0,1,219500.0
5,7.460435707686496,209.97387940617588,1096.0,1936,1989,0,0,170000.0
5,7.156162748134436,124.7832885280012,1096.0,1969,1969,0,1,138800.0
6,6.888262857999026,164.65379278874116,848.0,2004,2004,0,0,155900.0
5,7.049889965389424,124.7832885280012,990.0,1994,1994,0,1,126000.0
6,7.300301198917356,198.41594370446313,1258.0,1971,2004,0,0,145000.0
5,7.101359029425204,127.84165049337814,1040.0,1963,1963,0,1,133000.0
7,7.455424315246715,198.10971413502045,1459.0,2002,2002,0,0,192000.0
6,7.29446454616363,177.6438016878652,1251.0,1964,1964,0,1,160000.0
6,7.483046208624197,161.1287754106661,691.0,1995,1996,0,1,187500.0
6,7.0562009714886065,209.36929347721832,996.0,1992,1992,0,0,147000.0
4,7.152341513809101,120.33482442343586,546.0,1973,1973,0,1,83500.0
8,7.761028010029499,345.3333816111313,1082.0,2005,2006,0,0,252000.0
7,7.621098255726681,151.74820434321248,970.0,2004,2004,0,0,137500.0
8,7.2911147278300295,205.12578155007614,1247.0,2005,2005,0,0,197000.0
3,7.101359029425204,158.2313840348364,1040.0,1950,1950,0,1,92900.0
7,7.295300337718688,177.95783922672393,624.0,1999,2000,0,0,160000.0
6,7.611859106658229,212.99080686304876,1390.0,1925,1950,0,1,136500.0
5,7.250934384109435,301.85787907148034,1200.0,1965,1998,0,0,146000.0
5,6.991317766827958,127.84165049337814,936.0,1956,2000,0,1,129000.0
6,7.345864829563152,171.01884976582272,1314.0,2006,2006,0,0,176432.0
6,7.378016516044087,0.0,773.0,1914,2006,0,0,127000.0
8,7.1485063451474105,177.6438016878652,1088.0,1986,1986,0,0,170000.0
4,7.353797691813488,104.27195617018407,757.0,1936,1950,0,1,128000.0
7,7.552695672686566,182.96525233665184,1601.0,1978,1978,0,1,157000.0
2,6.200342702559414,106.39790610891804,438.0,1920,1950,0,0,60000.0
5,7.006819421883826,118.26892624436718,950.0,1971,1971,0,1,119500.0
5,7.191788411337138,109.21742463976912,1134.0,1960,2002,0,1,135000.0
6,7.245692771800627,201.77731250963882,1194.0,1959,1959,0,1,159500.0
5,7.3362658241530605,171.01884976582272,630.0,1970,1970,0,1,106000.0
8,8.070299797367554,253.1179488373401,1500.0,1994,1995,0,0,325000.0
7,7.443153625374022,255.14189652286666,1442.0,1990,1991,0,0,179900.0
7,7.796932408162486,165.29282599903672,887.0,2006,2006,0,0,274725.0
6,7.609381602542451,178.27174877414345,948.0,2000,2000,0,1,181000.0
8,7.696240375618858,295.7310103489512,1836.0,2004,2005,0,0,280000.0
6,7.589349206782918,168.16146718043177,773.0,1995,1996,0,1,188000.0
7,7.7669195020747,184.52355538028922,1098.0,1976,1976,0,1,205000.0
5,6.848130876213407,127.84165049337814,816.0,1957,1957,0,1,129900.0
5,7.0687104343142035,104.27195617018407,1008.0,1953,2006,0,0,134500.0
5,6.869641827746646,133.90862931512467,833.0,1954,2000,0,0,117000.0
8,7.636319228962849,314.02639433859207,1734.0,2007,2007,1,0,318000.0
8,7.426321301006807,198.10971413502045,779.0,2002,2002,0,0,184100.0
5,6.943391341553221,174.18084598614104,894.0,1967,2003,0,0,130000.0
5,7.552695672686566,125.1239529533799,1021.0,1958,1987,0,1,140000.0
5,7.101359029425204,120.33482442343586,1040.0,1959,1959,0,1,133700.0
6,7.072847390764163,127.84165049337814,1012.0,1920,1950,0,1,118400.0
7,7.52013467568735,273.1953620761386,1552.0,2005,2006,0,0,212900.0
4,7.017753672084655,121.02163914432202,960.0,1956,1956,0,1,112000.0
5,6.685271882600832,0.0,698.0,1947,2008,0,1,118000.0
7,7.471801601564742,155.64560873968662,812.0,1992,1992,0,0,163900.0
4,7.065596997487534,241.4791565063867,1005.0,1955,1955,0,0,115000.0
7,7.522157372739731,237.96232572810112,1555.0,2007,2007,0,0,174000.0
7,7.5051817581417435,229.11685039888818,1530.0,2004,2004,0,0,259000.0
7,7.764245626640066,169.11516527954575,847.0,2004,2005,0,0,215000.0
5,6.991317766827958,241.4791565063867,936.0,1980,1980,0,1,140000.0
4,7.775960349320293,212.99080686304876,1328.0,1928,1950,0,0,135000.0
5,7.032872973180365,0.0,974.0,1991,1992,0,1,93500.0
6,7.890753690736396,91.66063659158512,1178.0,1880,1950,0,0,117500.0
8,7.79641315213411,179.21271273847037,1142.0,1995,1995,0,0,239500.0
6,7.552041116911724,177.32963582817308,916.0,1997,1997,0,1,169000.0
6,7.045661477399836,82.40481040341002,986.0,1926,1950,0,1,102000.0
6,7.295300337718688,121.02163914432202,1032.0,1950,1950,0,1,119000.0
5,7.0810727805806675,0.0,780.0,1875,1996,0,1,94000.0
6,7.530209569151822,253.69660074587168,1567.0,1977,1977,0,0,196000.0
5,7.221776944122446,188.25116787547086,1167.0,1920,1950,0,1,144000.0
5,7.009015392843581,289.5745876588743,952.0,1951,1951,0,1,139000.0
5,7.714358851275096,184.8348505375304,1088.0,1976,1976,0,0,197500.0
8,8.149799436019961,347.7551619853195,1466.0,2006,2007,0,0,424870.0
5,7.066635834710932,0.0,1006.0,1959,1959,0,1,80000.0
4,6.977846138887346,118.26892624436718,672.0,1941,1950,0,0,80000.0
5,7.536208606346183,98.91259686081666,1042.0,1928,1950,0,1,149000.0
6,7.333046609789219,159.19853177585932,1298.0,1985,1985,0,0,180000.0
7,7.528202279273077,102.13599181310894,860.0,1941,1950,0,0,174500.0
7,7.170369988959145,121.02163914432202,572.0,1926,1950,0,1,116900.0
7,7.471801601564742,133.23769424377826,832.0,1920,1988,0,1,143000.0
6,6.9868463893183845,127.16348421818425,932.0,1950,1950,0,0,124000.0
5,7.460435707686496,198.41594370446313,1466.0,1959,1959,0,0,149900.0
6,7.681865619917428,180.46555919132814,1811.0,1956,2004,1,0,230000.0
6,6.848130876213407,168.47950502090484,816.0,1930,2007,0,1,120500.0
7,7.687063121031634,187.32087619859692,902.0,1965,1988,0,0,201800.0
5,7.439517232561046,198.41594370446313,1437.0,1976,2004,0,0,218000.0
5,7.306105667846368,190.41773384753935,1265.0,1965,1999,0,0,179900.0
7,7.345864829563152,227.931525781101,1314.0,2007,2008,0,0,230000.0
8,7.538863925814421,286.7661965098678,1580.0,2007,2008,0,0,235128.0
6,7.718840276620763,202.0822471449123,943.0,1974,1974,0,0,185000.0
6,7.453269257594889,171.01884976582272,855.0,1978,1978,0,1,146000.0
6,7.5779114676664765,312.92473434930264,1640.0,1954,2006,0,0,224000.0
5,6.943391341553221,174.18084598614104,894.0,1968,1968,0,1,129000.0
4,7.300301198917356,158.2313840348364,1258.0,1969,1969,0,1,108959.0
5,7.435868244998835,216.5981314336942,1432.0,1978,1978,0,0,194000.0
7,7.485838712202475,233.2543941130136,1502.0,2009,2009,0,0,233170.0
8,7.611859106658229,271.48813282857554,1694.0,2008,2008,0,0,245350.0
6,7.5975333161143705,181.09122867557275,959.0,2000,2000,0,1,173000.0
6,7.841157365552432,202.0822471449123,1236.0,1935,1986,0,0,235000.0
10,8.411626875060028,280.28250939839313,1831.0,1995,1996,0,0,625000.0
6,7.176934928600124,144.54195023282304,1118.0,1977,1977,0,1,171000.0
6,7.302792748553366,168.79740426075938,1261.0,1958,1958,0,1,163000.0
7,7.293628090458217,227.63497190722717,625.0,2006,2007,0,0,171900.0
5,8.24161677127006,0.0,1636.0,1946,1994,1,0,200500.0
6,7.953008030799218,145.20043925220284,1170.0,1932,1950,0,1,239000.0
8,8.16603242933299,202.38707541426555,2129.0,1992,2000,0,0,285000.0
5,6.9767156670408506,112.71848151889007,923.0,1984,1985,0,1,119500.0
6,7.271643600887658,93.4856231938096,818.0,1926,2004,0,1,115000.0
5,7.368707444639944,84.64708800175617,820.0,1921,1950,0,1,154900.0
5,7.182529591760807,0.0,1124.0,1954,1954,0,1,93000.0
7,8.026103171883735,247.60532559821343,1298.0,1990,1991,0,1,250000.0
8,7.585550395373072,184.21213880576252,1652.0,2008,2008,0,0,392500.0
10,8.633252030135141,281.97722618056275,2411.0,1996,1996,1,0,745000.0
5,7.18809465682343,255.43072800214057,1130.0,1920,1950,0,1,120000.0
5,7.533546581516299,332.34960333265354,1572.0,1963,1963,0,1,186700.0
5,7.269077124832414,155.64560873968662,949.0,1924,1950,0,1,104900.0
3,7.614947824779524,164.65379278874116,1014.0,1900,1970,0,1,95000.0
8,7.567639374151119,266.0653689331324,1624.0,1994,1995,0,0,262000.0
7,7.590612442166708,187.63109183053555,831.0,2002,2002,0,0,195000.0
7,7.677805343195262,171.652322393731,1028.0,1999,1999,0,0,189000.0
4,7.566348297346176,427.4851643671576,1622.0,1961,1975,0,1,168000.0
8,7.4424273502063265,187.32087619859692,764.0,1999,2000,0,0,174000.0
5,7.464712297746642,107.80978563629292,842.0,1925,1994,0,0,125000.0
6,7.271643600887658,158.87630029451446,1224.0,1999,1999,0,1,165000.0
6,7.375696951200008,124.7832885280012,663.0,1969,1969,0,1,158000.0
6,7.453269257594889,158.2313840348364,728.0,2005,2005,0,0,176000.0
7,7.711548265439549,237.96232572810112,879.0,2006,2006,0,0,219210.0
7,7.609381602542451,98.91259686081666,815.0,1916,1950,0,1,144000.0
7,7.261339930582066,212.0867724603957,1212.0,2001,2001,0,0,178000.0
4,7.398665868791583,177.01534131668913,1382.0,1963,1979,0,1,148000.0
4,6.907767928522536,118.26892624436718,864.0,1970,1970,0,1,116050.0
7,7.663175448740224,203.90962940308097,866.0,1998,1998,0,0,197900.0
5,7.372596229454956,95.66487564479634,884.0,1925,1997,0,1,117000.0
7,7.571503145997093,174.4963135204254,1630.0,2000,2001,0,0,213000.0
5,7.13497203438608,188.25116787547086,1074.0,1975,1975,0,1,153500.0
7,7.884082671976704,249.92985813878926,2196.0,1990,1991,0,0,271900.0
4,7.117310838926907,153.04987883637892,1056.0,1966,1966,0,1,107000.0
6,7.6155644843918395,203.30092435457723,1700.0,2003,2003,0,0,200000.0
5,7.320886123876248,191.65321376753505,1283.0,1962,1980,0,1,140000.0
8,7.590612442166708,189.79929906779662,1660.0,2006,2006,0,0,290000.0
6,7.701367719513212,177.95783922672393,1055.0,1992,1992,0,0,189000.0
8,7.647143902485127,187.32087619859692,1080.0,1988,2005,0,1,164000.0
4,6.645715824057852,102.13599181310894,672.0,1941,1950,0,1,113000.0
4,7.017753672084655,146.51535719346987,960.0,1965,2001,0,1,145000.0
5,7.059342321614513,125.1239529533799,999.0,1962,1962,0,1,134500.0
5,6.943391341553221,153.04987883637892,894.0,1966,1966,0,1,125000.0
6,7.733274861678983,201.77731250963882,1318.0,1978,1978,0,1,112000.0
8,7.345864829563152,205.7332322699063,1314.0,2009,2009,0,0,229456.0
4,6.964199523759827,0.0,672.0,1947,1950,0,1,80500.0
6,7.266504375031462,0.0,672.0,1971,1971,0,1,91500.0
5,6.964199523759827,121.02163914432202,912.0,1964,1964,0,1,115000.0
5,7.260476720566822,132.56597943054447,1211.0,1968,1968,0,1,134000.0
6,7.701935889503677,130.2087534935337,1168.0,1949,1950,0,1,143000.0
5,7.855005570908296,198.41594370446313,2136.0,1951,1951,0,1,137900.0
7,7.477438903437358,154.34900325457428,788.0,2004,2005,0,0,184000.0
6,7.195469241504567,112.71848151889007,1138.0,1958,1958,0,1,145000.0
6,7.750231229028342,240.30820490929972,894.0,2007,2007,0,0,214000.0
5,6.964199523759827,212.99080686304876,912.0,1965,2008,0,0,147000.0
9,7.6167967229928175,347.7551619853195,1702.0,2008,2008,1,0,367294.0
5,7.489318967966874,159.5206127510909,1507.0,1960,1960,0,1,127000.0
5,8.069497905355425,220.19161021397755,1361.0,1977,1977,0,1,190000.0
5,7.242183802465341,202.0822471449123,1190.0,1962,1962,0,1,132500.0
4,7.271643600887658,177.95783922672393,1224.0,1962,1962,0,1,101800.0
5,7.24042492017644,199.33397795006405,1188.0,1959,1959,0,1,142000.0
5,7.7669195020747,0.0,1024.0,1911,1950,0,1,130000.0
5,7.666117702649234,82.40481040341002,892.0,1914,1950,0,1,138887.0
7,7.568928871950435,181.7163990335171,764.0,2003,2003,0,0,175500.0
7,7.758339150385169,169.11516527954575,847.0,2004,2005,0,0,195000.0
6,7.19822143695239,184.8348505375304,1141.0,2005,2005,0,1,142500.0
8,7.473213756835304,181.09122867557275,1484.0,2006,2006,1,0,265900.0
7,7.656673459652104,202.9964137872585,884.0,2003,2003,0,0,224900.0
7,7.60876131605653,321.165572150143,1689.0,2007,2007,0,0,248328.0
7,7.227138745921856,198.41594370446313,1173.0,1974,1974,0,0,170000.0
10,7.825105249143526,292.3766829626894,2076.0,2006,2006,1,0,465000.0
8,7.496245188988774,158.2313840348364,792.0,1929,1950,0,0,230000.0
6,7.714358851275096,182.65322416511287,1140.0,1984,2003,0,1,178000.0
7,7.5208093394027165,224.66448647566668,756.0,2005,2006,0,0,186500.0
6,7.095314149196065,302.96874883657165,1034.0,1976,1976,0,1,169900.0
6,7.815967537638896,156.93972574047854,1134.0,1917,1950,0,1,129500.0
5,7.047777847827284,116.8870388425859,988.0,1950,1950,0,1,119000.0
7,7.842152567513644,196.576919038299,2110.0,1968,1968,1,0,244000.0
7,7.41594228764832,182.96525233665184,1405.0,2003,2003,0,0,171750.0
5,6.919777154691326,121.02163914432202,874.0,1968,1968,0,1,130000.0
7,7.870128648877706,195.34869126980482,1516.0,1974,2003,0,0,294000.0
7,7.588084456291809,157.2628696690302,760.0,2003,2004,0,0,165400.0
6,7.387244023094819,208.15890770922698,959.0,1931,1950,0,1,127500.0
8,7.779132840235126,247.02340406598833,1987.0,1994,1994,0,0,301500.0
5,6.907767928522536,0.0,864.0,1922,1950,0,1,99900.0
7,7.220880648026884,158.2313840348364,1166.0,2005,2005,0,0,190000.0
6,7.115330047299678,177.32963582817308,1054.0,1969,1969,0,1,151000.0
6,7.600038778490126,190.41773384753935,892.0,1999,1999,0,1,181000.0
5,7.111357234520387,137.91817726476376,1050.0,1956,1956,0,1,128900.0
4,7.6684656119318,126.48448355758627,1104.0,1957,1989,0,1,161500.0
6,7.689364928693058,195.96302762885824,1060.0,1919,1950,0,1,180500.0
6,7.364021867739356,193.1949804401652,1337.0,1998,1999,0,0,181000.0
7,7.450388973524327,191.65321376753505,713.0,1999,1999,0,0,183900.0
7,7.72608224728398,127.84165049337814,964.0,1910,1950,0,1,122000.0
9,7.795373873326243,262.9141684607402,2018.0,2008,2009,1,0,378500.0
8,8.35803438979732,337.5028333394237,1968.0,1935,1997,0,0,381000.0
5,7.501066601544456,130.2087534935337,874.0,1958,1958,0,1,144000.0
7,7.501066601544456,215.99788125845743,1332.0,1979,1979,0,0,260000.0
6,7.476735887735352,177.95783922672393,1489.0,1968,1968,0,0,185750.0
5,6.990201705118129,121.02163914432202,935.0,1965,1965,0,1,137000.0
6,7.3795600592273445,129.1955054614332,1357.0,1959,2006,1,0,177000.0
5,7.293628090458217,205.7332322699063,661.0,1910,2003,0,1,139000.0
5,7.743153630589604,158.2313840348364,928.0,1948,1950,0,1,137000.0
6,7.4084655932256345,188.87077218572534,735.0,1972,1972,0,1,162000.0
6,7.630257172330541,183.58894020794867,1724.0,1967,1976,0,1,197900.0
8,7.802110971221704,213.2919543439963,1128.0,2002,2002,0,0,237000.0
4,7.18624290442073,198.41594370446313,698.0,1920,1950,0,1,68400.0
7,7.534212718209626,203.30092435457723,1573.0,2002,2002,0,0,227000.0
7,7.365586044292989,184.8348505375304,1339.0,1990,1990,0,1,180000.0
5,7.101359029425204,184.8348505375304,1040.0,1977,2008,0,0,150500.0
6,7.689364928693058,0.0,912.0,1971,1971,0,1,139000.0
6,7.997726349664413,137.2518042461402,1699.0,1919,1990,0,0,169000.0
6,7.421144576785771,118.26892624436718,825.0,1939,1950,0,1,132500.0
6,7.356954178301657,198.41594370446313,1328.0,1963,1963,0,1,143000.0
5,7.540189081610953,154.99761894473843,1582.0,1964,1964,0,1,190000.0
8,7.589981013635599,189.48990701254945,1659.0,2000,2000,1,0,278000.0
8,7.770119238000843,264.9204830112068,1120.0,2006,2006,1,0,281000.0
5,7.208251664690341,184.8348505375304,1152.0,1964,1964,0,1,180500.0
5,7.3362658241530605,112.71848151889007,630.0,1972,1972,0,1,119500.0
5,7.965030578688216,168.47950502090484,1378.0,1892,1965,0,1,107500.0
7,7.593134382147935,198.41594370446313,832.0,1976,1976,0,1,162900.0
5,6.907767928522536,211.78522965910034,864.0,1955,1990,0,1,115000.0
5,7.113345517225247,121.02163914432202,1052.0,1968,1968,0,1,138500.0
5,7.18624290442073,197.49692629035567,1128.0,1963,1963,0,1,155000.0
6,7.133024263597422,197.49692629035567,1072.0,2005,2006,0,1,140000.0
10,8.877540416050314,443.3085348443663,4692.0,2008,2008,1,0,160000.0
5,7.290275604900629,126.82408859063979,1246.0,1959,1994,0,0,154000.0
7,7.777018905951325,186.70008828681972,1005.0,1999,1999,0,0,225000.0
6,7.4802462855881355,94.57669099962078,753.0,1942,1950,0,0,177500.0
8,8.03110612932542,290.6961763111703,1203.0,1994,1994,0,0,290000.0
7,7.562465553984899,287.89031418875425,1616.0,2005,2005,0,0,232000.0
7,7.620484824113843,151.74820434321248,976.0,2004,2004,0,0,130000.0
9,7.585550395373072,289.5745876588743,1652.0,2006,2007,1,0,325000.0
7,7.388009345113001,181.7163990335171,1368.0,2005,2006,0,0,202500.0
5,7.049889965389424,183.58894020794867,990.0,1994,1995,0,1,138000.0
5,7.180668008294378,198.41594370446313,1122.0,1948,2005,0,0,147000.0
6,7.329817522302872,188.56102885626532,1294.0,1991,1991,0,0,179200.0
7,7.733274861678983,210.27602137506227,1902.0,1959,2002,1,0,335000.0
7,7.313521835129622,192.2702632556991,1274.0,2005,2007,0,0,203000.0
8,8.143086211185281,264.06106628969485,1453.0,1990,1990,0,0,302000.0
9,8.061041122749145,272.3420572856993,1422.0,1999,1999,0,0,333168.0
4,7.004618852161511,118.26892624436718,948.0,1954,1954,0,1,119000.0
6,7.843146832544045,212.99080686304876,1092.0,1969,1969,0,1,206900.0
8,7.571503145997093,295.17257027310967,1630.0,2008,2008,1,0,295493.0
7,7.375696951200008,179.21271273847037,1352.0,2006,2007,0,0,208900.0
8,7.667879124302956,263.4877618799163,1787.0,2001,2002,0,0,275000.0
4,7.004618852161511,107.10438098107093,948.0,1954,1954,0,1,111000.0
6,7.46897160091954,171.652322393731,1478.0,1957,1957,0,1,156500.0
3,6.71761514606656,120.67834431082996,720.0,1949,1950,0,1,72500.0
7,7.7447911399250176,209.36929347721832,1061.0,1992,1992,0,0,190000.0
4,6.700097115693332,0.0,708.0,1940,1950,0,0,82500.0
8,7.672561921692243,304.91050487695605,1795.0,2006,2007,0,0,147000.0
4,6.822246302923464,0.0,796.0,1922,1950,0,1,55000.0
3,6.793016029534487,0.0,774.0,1931,2006,0,0,79000.0
5,6.848130876213407,112.71848151889007,816.0,1982,2008,0,0,130500.0
6,8.13633011788355,195.96302762885824,1584.0,1920,1950,0,1,256000.0
7,7.572787929941399,177.95783922672393,955.0,1998,1998,0,1,176500.0
8,7.544154583617565,285.3596119086942,1588.0,2006,2006,0,0,227000.0
5,7.011206784282341,212.99080686304876,954.0,1976,1976,0,1,132500.0
4,6.848130876213407,121.02163914432202,816.0,1938,1958,0,1,100000.0
5,7.381871140563865,124.10131564422858,803.0,1938,1995,0,0,125500.0
5,7.385711708662814,171.01884976582272,765.0,1970,1970,0,1,125000.0
6,7.36167123797123,229.11685039888818,1334.0,1977,1977,0,1,167900.0
5,7.588084456291809,191.65321376753505,1656.0,1973,1973,0,1,135000.0
4,6.677779931140539,0.0,693.0,1941,1950,0,0,52500.0
7,7.710421931779504,187.32087619859692,920.0,2002,2002,0,0,200000.0
5,6.907767928522536,121.02163914432202,864.0,1972,1972,0,1,128500.0
4,6.9173862703486275,183.58894020794867,872.0,1971,1971,0,1,123000.0
6,7.173188553173761,212.99080686304876,1114.0,2003,2004,0,0,155000.0
8,7.871096935813484,234.1387948299713,1284.0,2002,2002,0,0,228500.0
6,7.739322866640981,139.2487036316045,1172.0,1928,1950,0,1,177000.0
7,7.453269257594889,171.01884976582272,728.0,2006,2006,0,0,155835.0
4,7.017753672084655,127.84165049337814,960.0,1920,1950,0,0,108500.0
7,7.864787145885239,192.2702632556991,2156.0,1968,2003,0,1,262500.0
8,7.661406149540739,253.1179488373401,1776.0,2006,2007,0,0,283463.0
7,7.4802462855881355,194.11867552951506,1494.0,1998,1998,0,0,215000.0
8,7.958813739743733,0.0,938.0,1872,1987,0,1,122000.0
5,8.075098422536435,324.9945119614193,1338.0,1969,1969,0,1,200000.0
6,7.62538231613641,186.70008828681972,858.0,1962,1962,0,1,171000.0
6,7.229809435448921,227.3383286074287,786.0,1937,2000,0,1,134900.0
8,8.29220288178573,239.72223388311917,2053.0,1995,1996,0,0,410000.0
7,7.7126733982022655,289.2940333263408,992.0,2000,2000,0,0,235000.0
7,7.743153630589604,185.76801047423132,1222.0,1968,1992,0,0,170000.0
5,6.941053670675543,112.71848151889007,892.0,1966,1966,0,1,110000.0
5,7.138856786488519,189.79929906779662,1078.0,1971,2008,0,1,149900.0
6,7.534212718209626,171.01884976582272,769.0,2000,2000,0,0,177500.0
9,7.775430672699315,269.77841350949694,1980.0,2004,2005,1,0,315000.0
5,8.061849450583253,226.4478604483708,990.0,1921,1998,0,1,189000.0
7,7.5051817581417435,167.84329035786647,1530.0,2005,2005,0,0,260000.0
4,7.638734330016673,147.8275581030279,1281.0,1920,2007,0,1,104900.0
6,7.421144576785771,168.47950502090484,616.0,2006,2007,0,0,156932.0
7,7.250934384109435,183.58894020794867,520.0,2005,2005,0,0,144152.0
7,7.599412970728951,238.84265499735523,814.0,2000,2000,0,0,216000.0
7,7.669637609988685,216.5981314336942,882.0,1999,1999,0,0,193000.0
5,7.466844101427262,137.2518042461402,925.0,1977,1977,0,1,127000.0
6,6.888262857999026,164.65379278874116,848.0,2003,2004,0,0,144000.0
8,7.595650305176133,190.41773384753935,1668.0,2003,2003,0,0,232000.0
4,7.392589635420217,137.91817726476376,840.0,1920,1950,0,1,105000.0
6,7.591243492830488,150.7702558495251,1661.0,1955,1996,0,0,165500.0
7,7.835666927638345,215.09678151224094,1108.0,1998,1998,0,0,274300.0
10,8.074699367678633,279.4342609769634,2633.0,2001,2002,1,0,466500.0
7,7.763710037837283,316.2270341091673,1026.0,2005,2005,0,0,250000.0
8,7.532880023610424,256.00816428552554,1571.0,2007,2007,0,0,239000.0
6,6.814354802712271,74.8255731775722,790.0,1930,1950,0,1,91000.0
5,7.554656905202453,237.96232572810112,984.0,1941,1960,0,1,117000.0
6,7.046720195295275,112.71848151889007,483.0,1973,1973,0,1,83000.0
5,7.407714996683579,158.2313840348364,754.0,2006,2007,0,0,167500.0
3,6.907767928522536,89.82726943206423,864.0,1914,1950,0,1,58500.0
6,7.845628407638349,205.12578155007614,2117.0,1970,1970,0,1,237500.0
7,7.653109956356187,212.99080686304876,998.0,1920,1950,0,0,157000.0
5,7.424105819137531,212.99080686304876,1416.0,1918,2007,0,0,112000.0
6,7.300301198917356,118.26892624436718,698.0,1939,1950,0,1,105000.0
4,7.210065112844868,104.27195617018407,796.0,1922,2007,0,0,125500.0
7,8.13331350531205,209.36929347721832,1392.0,1978,1978,0,0,250000.0
6,8.03110612932542,95.66487564479634,1664.0,1916,1950,0,0,136000.0
9,7.643548006360769,266.3514120494785,1746.0,2006,2007,1,0,377500.0
6,7.266504375031462,171.01884976582272,869.0,1941,1950,0,1,131000.0
7,7.501753577757694,202.38707541426555,1525.0,2000,2000,0,0,235000.0
5,7.541512573722717,276.03527205539933,1584.0,1967,1967,0,1,124000.0
5,6.950373300628104,121.02163914432202,900.0,1967,1967,0,1,123000.0
6,7.738774477884402,241.4791565063867,1221.0,1905,2000,0,1,163000.0
7,7.4844433853793735,234.433423201501,1500.0,2006,2006,0,0,246578.0
8,8.012645042220509,232.66436238253502,1133.0,2005,2006,0,0,281213.0
5,7.607519647525367,211.78522965910034,1687.0,1948,1950,0,1,160000.0
5,7.4934801605334265,82.40481040341002,939.0,1920,2004,0,1,137500.0
5,7.734377079904193,104.27195617018407,1136.0,1950,1982,0,1,138000.0
6,7.557266219472591,95.66487564479634,1160.0,1925,1990,0,0,137450.0
6,7.213682658736977,92.75661886534351,950.0,1929,1950,0,1,120000.0
6,7.547447811976948,157.58586039046082,864.0,2004,2004,0,1,193000.0
7,7.329817522302872,238.54929548273293,1294.0,2006,2006,0,0,193879.0
8,7.459006311755968,265.20681173456705,1464.0,2007,2007,0,0,282922.0
3,7.263064229457455,316.2270341091673,694.0,1915,1950,0,1,105000.0
8,7.581737849000647,184.21213880576252,1646.0,2004,2005,0,0,275000.0
5,6.784900787764672,156.93972574047854,768.0,1972,2007,0,1,133000.0
5,6.869641827746646,0.0,833.0,1985,1985,0,1,112000.0
4,7.384177161610656,198.41594370446313,741.0,1910,1950,0,1,125500.0
7,7.833663306371815,202.69179755094532,1236.0,1986,1991,0,1,215000.0
7,7.698522271551098,226.74477304901,944.0,2001,2001,0,0,230000.0
6,7.595650305176133,115.15436806261421,1112.0,1950,2005,0,1,140000.0
4,7.101359029425204,164.65379278874116,1040.0,1949,1950,0,1,90000.0
8,7.700799243430674,226.1508577377629,1844.0,2005,2006,0,0,257000.0
6,7.703071312529821,148.482650633756,1053.0,1923,2000,0,0,207000.0
7,7.531545642021146,237.96232572810112,1569.0,2007,2007,0,0,175900.0
4,7.928086250984133,208.15890770922698,1246.0,1885,1950,0,1,122500.0
8,7.9990133767218765,352.3190170590449,1310.0,1998,1998,0,0,340000.0
5,7.200966451124709,137.2518042461402,1144.0,1963,1963,0,1,124000.0
6,7.700799243430674,202.0822471449123,1844.0,1969,1969,0,0,223000.0
6,7.424105819137531,271.48813282857554,708.0,1968,1968,0,1,179900.0
6,7.130095826313184,171.01884976582272,1069.0,1977,1977,0,1,127500.0
6,6.888262857999026,164.65379278874116,848.0,2003,2003,0,0,136500.0
6,7.886470017593621,168.47950502090484,1575.0,1966,1966,0,0,274970.0
5,7.369486351252655,184.8348505375304,1344.0,1958,1983,0,1,144000.0
6,7.295300337718688,198.41594370446313,1252.0,1959,1959,0,0,142000.0
7,7.850574133248839,197.49692629035567,1223.0,1994,1994,0,0,271000.0
5,7.5241761957971285,121.02163914432202,1048.0,1945,1950,0,1,140000.0
5,6.83267685045349,104.27195617018407,804.0,1940,1992,0,0,119000.0
6,7.441700574035787,179.52611358316457,1440.0,1981,1981,0,0,182900.0
5,7.697381940426488,149.13707695838073,734.0,2005,2005,0,1,192140.0
6,7.015575904960901,171.01884976582272,958.0,1976,1976,0,1,143750.0
4,7.026419888974266,95.66487564479634,968.0,1927,2007,0,1,64500.0
6,7.6708083075283895,174.4963135204254,962.0,2000,2000,0,1,186500.0
5,7.1843878865911055,184.8348505375304,1126.0,1977,1977,0,1,160000.0
6,7.5099625544132,177.95783922672393,1537.0,1962,2005,0,0,174000.0
4,6.907767928522536,198.41594370446313,864.0,1971,1971,0,1,120500.0
8,7.749688480107391,270.9185041938647,1932.0,2008,2008,1,0,394617.0
6,7.281847376696152,312.6491789819904,1236.0,1957,1996,0,1,149700.0
7,7.630864948210661,205.12578155007614,1040.0,1979,1979,0,1,197000.0
6,8.0430997675588,241.4791565063867,1423.0,1922,1994,0,1,191000.0
6,6.888262857999026,164.65379278874116,848.0,2004,2004,0,0,149300.0
10,7.78963948106762,281.69493755987685,1026.0,2008,2008,1,0,310000.0
6,7.009015392843581,86.87582510664373,952.0,1916,1950,0,0,121000.0
7,7.4285321333937,227.931525781101,1422.0,2004,2004,0,0,179600.0
6,6.965343536782396,104.27195617018407,913.0,1966,1966,0,1,129000.0
5,7.24042492017644,129.1955054614332,1188.0,1962,1962,0,1,157900.0
8,7.832158091782069,206.94689194829297,1220.0,1995,1996,0,0,240000.0
4,7.371042438300335,153.04987883637892,796.0,1910,2000,0,1,112000.0
5,6.578486805914263,0.0,630.0,1970,1970,1,0,92000.0
5,7.6708083075283895,0.0,896.0,1974,1974,0,1,136000.0
8,7.537537102131888,289.5745876588743,1578.0,2008,2009,1,0,287090.0
5,7.133024263597422,197.49692629035567,1072.0,2005,2005,0,1,145000.0
5,7.197304838249469,0.0,1140.0,2006,2006,0,1,84500.0
7,7.269077124832414,158.2313840348364,1221.0,2004,2005,0,0,185000.0
6,7.582374231443192,177.32963582817308,953.0,1999,2000,0,1,175000.0
6,7.823587777783771,189.79929906779662,2073.0,1978,1988,0,1,210000.0
7,7.9507665456649095,108.51413020432587,1188.0,1941,2006,0,0,266500.0
5,7.138856786488519,104.27195617018407,1078.0,1950,1996,0,0,142125.0
5,7.2986368835411435,116.8870388425859,1256.0,1965,1965,0,1,147500.0
