GrLivArea,OverallQual,TotalBsmtSF,YearRemodAdd,GarageArea,SalePrice
1710.0,7,856.0,2003,204.5179145289512,208500.0
1262.0,6,1262.0,1976,177.32963582817308,181500.0
1786.0,7,920.0,2002,222.5797332201641,223500.0
1717.0,7,756.0,1970,232.66436238253502,140000.0
2198.0,8,1145.0,2000,288.45199169728835,250000.0
1362.0,5,796.0,1995,183.58894020794867,143000.0
1694.0,8,1686.0,2005,230.89218309811795,307000.0
2090.0,7,1107.0,1973,184.8348505375304,200000.0
1774.0,7,952.0,1950,179.83938806030002,129900.0
1077.0,5,991.0,1950,91.66063659158512,118000.0
1040.0,5,1040.0,1965,153.04987883637892,129500.0
2324.0,9,1175.0,2006,260.0418338312891,345000.0
912.0,5,912.0,1962,142.56230808809255,144000.0
1494.0,7,1494.0,2007,289.5745876588743,279500.0
1253.0,6,1253.0,1960,142.56230808809255,157000.0
854.0,7,832.0,2001,212.99080686304876,132000.0
1004.0,6,1004.0,1970,183.58894020794867,149000.0
1296.0,4,0.0,1967,194.73390792212024,90000.0
1114.0,5,1114.0,2004,212.99080686304876,159000.0
1339.0,5,1029.0,1965,123.0767333520323,139000.0
2376.0,8,1158.0,2006,293.21609705697495,325300.0
1108.0,7,637.0,1950,118.26892624436718,139400.0
1795.0,8,1777.0,2002,200.2510356143257,230000.0
1060.0,5,1040.0,1976,211.78522965910034,129900.0
1060.0,5,1060.0,2001,114.8071154443438,154000.0
1600.0,8,1566.0,2007,303.5238297830256,256300.0
900.0,5,900.0,2000,212.99080686304876,134800.0
1704.0,8,1704.0,2008,270.3485980387613,306000.0
1600.0,5,1484.0,1997,131.55693261084946,207500.0
520.0,4,520.0,1950,104.27195617018407,68500.0
1317.0,4,649.0,1950,107.80978563629292,40000.0
1228.0,5,1228.0,2006,115.15436806261421,149350.0
1234.0,8,1234.0,2007,184.8348505375304,179900.0
1700.0,5,1398.0,1959,173.23364968690842,165500.0
1561.0,9,1561.0,2005,206.94689194829297,277500.0
2452.0,8,1117.0,2005,247.02340406598833,309000.0
1097.0,5,1097.0,1995,241.4791565063867,145000.0
1297.0,5,1297.0,1990,189.1803981446356,153000.0
1057.0,5,1057.0,2007,106.39790610891804,109000.0
1152.0,4,0.0,1955,0.0,82000.0
1324.0,6,1088.0,1965,171.01884976582272,160000.0
1328.0,5,1350.0,1959,127.84165049337814,170000.0
884.0,5,840.0,1983,191.0357046863262,144000.0
938.0,5,938.0,1980,127.84165049337814,130250.0
1150.0,5,1150.0,1959,125.1239529533799,141000.0
1752.0,9,1752.0,2005,212.99080686304876,319900.0
2149.0,7,1434.0,2003,240.8938453934392,239686.0
1656.0,8,1656.0,2006,285.64105709574244,249700.0
1452.0,4,736.0,2008,0.0,113000.0
955.0,5,955.0,1966,153.69975784196754,127000.0
1470.0,6,794.0,1997,154.34900325457428,177000.0
1176.0,6,816.0,1950,198.41594370446313,114500.0
816.0,5,816.0,1963,194.73390792212024,110000.0
1842.0,9,1842.0,1987,304.6332869483638,385000.0
1360.0,5,384.0,1955,211.78522965910034,130000.0
1425.0,6,1425.0,1964,212.99080686304876,180500.0
1739.0,8,970.0,2000,183.58894020794867,172500.0
1720.0,7,860.0,2004,209.67163684399677,196500.0
2945.0,10,1410.0,2006,232.36921666355556,438780.0
780.0,5,780.0,1972,142.56230808809255,124900.0
1158.0,6,1158.0,2004,212.99080686304876,158000.0
1111.0,5,530.0,1996,121.02163914432202,101000.0
1370.0,8,1370.0,2006,184.8348505375304,202500.0
1710.0,7,576.0,1950,183.58894020794867,140000.0
2034.0,7,1057.0,1998,233.54928044371184,219500.0
2473.0,8,1143.0,2005,292.9363542927816,317000.0
2207.0,7,1947.0,1989,212.99080686304876,180000.0
1479.0,7,1453.0,2003,207.55310444304828,226000.0
747.0,4,747.0,1950,97.11138517827446,80000.0
2287.0,7,1304.0,1953,240.01526078744203,225000.0
2223.0,7,2223.0,1973,194.73390792212024,244000.0
845.0,4,845.0,2006,145.20043925220284,129500.0
1718.0,7,832.0,1998,166.8879221537279,185000.0
1086.0,5,1086.0,2003,186.70008828681972,144900.0
1605.0,3,840.0,1950,151.42238355340115,107400.0
988.0,4,462.0,1973,124.10131564422858,91000.0
952.0,4,952.0,1956,119.30290507732684,135750.0
1285.0,5,672.0,2001,104.27195617018407,127000.0
1768.0,4,1768.0,1968,0.0,136500.0
1230.0,5,440.0,1981,171.01884976582272,110000.0
2142.0,6,896.0,1968,192.57861632371126,193500.0
1337.0,6,1237.0,1998,159.84254366186755,153500.0
1563.0,8,1563.0,2007,266.3514120494785,245000.0
1065.0,5,1065.0,1960,177.6438016878652,126500.0
1474.0,7,384.0,1996,158.2313840348364,168500.0
2417.0,8,1288.0,1992,177.95783922672393,260000.0
1560.0,6,684.0,2005,158.2313840348364,174000.0
1224.0,6,612.0,2009,198.41594370446313,164500.0
1526.0,3,1013.0,1982,0.0,85000.0
990.0,4,990.0,1995,0.0,123600.0
1040.0,4,0.0,1950,164.65379278874116,109900.0
1235.0,5,1235.0,1961,183.58894020794867,98600.0
964.0,5,876.0,2006,168.47950502090484,163500.0
2291.0,6,1214.0,1998,191.65321376753505,133900.0
1786.0,6,824.0,1997,244.98417100625994,204750.0
1470.0,6,680.0,1993,164.65379278874116,185000.0
1588.0,7,1588.0,1999,181.09122867557275,214000.0
960.0,4,960.0,1965,168.47950502090484,94750.0
835.0,5,458.0,1950,147.17179507156158,83000.0
1225.0,4,950.0,1959,0.0,128950.0
1610.0,6,1610.0,2001,183.58894020794867,205000.0
1732.0,6,741.0,1985,182.34107276242506,178000.0
1535.0,5,0.0,1979,161.44996254137624,118964.0
1226.0,7,1226.0,2009,261.1916449190669,198900.0
1818.0,7,1040.0,1950,104.27195617018407,169500.0
1992.0,8,1053.0,2004,234.433423201501,250000.0
1047.0,4,641.0,1995,115.84815171635313,100000.0
789.0,5,789.0,1950,107.80978563629292,115000.0
1517.0,5,793.0,2005,0.0,115000.0
1844.0,6,1844.0,1977,203.90962940308097,190000.0
1855.0,6,994.0,1972,133.5732588912801,136900.0
1430.0,7,384.0,2000,158.2313840348364,180000.0
2696.0,7,1264.0,2007,276.03527205539933,383970.0
2259.0,6,1809.0,1953,174.18084598614104,217000.0
2320.0,6,1028.0,2002,82.40481040341002,259500.0
1458.0,6,729.0,1999,171.01884976582272,176000.0
1092.0,5,1092.0,1962,121.02163914432202,139000.0
1125.0,5,1125.0,2007,167.84329035786647,155000.0
3222.0,7,1673.0,1990,218.39658070448846,320000.0
1456.0,6,728.0,2006,154.99761894473843,163990.0
988.0,6,938.0,1969,202.0822471449123,180000.0
1123.0,4,732.0,1950,112.71848151889007,100000.0
1080.0,6,1080.0,1958,121.02163914432202,136000.0
1199.0,6,1199.0,1993,199.02807536751703,153900.0
1586.0,6,1362.0,1998,169.43278845490494,181000.0
754.0,6,520.0,1982,0.0,84500.0
958.0,6,1078.0,1976,171.01884976582272,128000.0
840.0,5,672.0,1950,0.0,87000.0
1348.0,6,660.0,1966,175.12685382663943,155000.0
1053.0,5,1008.0,1991,264.06106628969485,150000.0
2157.0,7,924.0,1966,185.76801047423132,226000.0
2054.0,6,992.0,2000,154.99761894473843,244000.0
1327.0,5,1063.0,2002,227.3383286074287,150750.0
1296.0,8,1267.0,2002,180.77845648122033,220000.0
1721.0,5,1461.0,1993,171.01884976582272,180000.0
1682.0,7,1304.0,1970,199.02807536751703,174000.0
1214.0,5,1214.0,1967,131.22018752876846,143000.0
1959.0,7,1907.0,1989,268.6372058891293,171000.0
1852.0,8,1004.0,2000,237.96232572810112,230000.0
1764.0,6,928.0,1997,180.46555919132814,231500.0
864.0,4,864.0,1971,0.0,115000.0
1734.0,7,1734.0,2005,237.96232572810112,260000.0
1385.0,5,910.0,1952,255.43072800214057,166000.0
1501.0,7,1490.0,1999,213.2919543439963,204000.0
1728.0,5,1728.0,1963,191.0357046863262,125000.0
1709.0,6,970.0,2006,151.74820434321248,130000.0
875.0,5,715.0,1993,82.40481040341002,105000.0
2035.0,7,884.0,2001,169.11516527954575,222500.0
1080.0,7,1080.0,2005,0.0,141000.0
1344.0,5,896.0,1950,104.27195617018407,115000.0
969.0,5,969.0,1975,171.01884976582272,122000.0
1710.0,8,1710.0,2008,296.84715853113073,372402.0
1993.0,6,825.0,1971,188.25116787547086,190000.0
1252.0,6,1602.0,1975,209.36929347721832,235000.0
1200.0,6,1200.0,1950,129.1955054614332,125000.0
1096.0,6,572.0,1950,0.0,79000.0
1040.0,5,0.0,1950,227.63497190722717,109500.0
1968.0,8,774.0,2010,243.81713039826585,269500.0
1947.0,7,991.0,2005,243.2331252127944,254900.0
2462.0,7,1392.0,2006,212.99080686304876,320000.0
1232.0,6,1232.0,1984,194.73390792212024,162500.0
2668.0,9,1572.0,2004,257.162133623255,412500.0
1541.0,7,1541.0,2005,199.6397720242384,220000.0
882.0,4,882.0,1956,0.0,103200.0
1616.0,6,1149.0,2004,95.66487564479634,152000.0
1355.0,5,644.0,1999,0.0,127500.0
1867.0,5,1617.0,1993,126.14466830260716,190000.0
2161.0,8,1582.0,2007,275.18401257628227,325624.0
1720.0,7,840.0,2004,171.01884976582272,183500.0
1707.0,8,1686.0,1981,193.1949804401652,228000.0
1382.0,5,720.0,1950,237.96232572810112,128500.0
1656.0,6,1080.0,1960,198.41594370446313,215000.0
1767.0,7,1064.0,1987,191.0357046863262,239000.0
1362.0,6,1362.0,1961,191.0357046863262,163000.0
1651.0,6,1606.0,1986,224.9619423361224,184000.0
2158.0,6,1202.0,2001,212.99080686304876,243000.0
2060.0,6,1151.0,1989,196.2700288255104,211000.0
1920.0,5,1052.0,1958,174.4963135204254,172500.0
2234.0,9,2216.0,2009,378.10577299095627,501837.0
968.0,5,968.0,2006,183.58894020794867,100000.0
1525.0,6,756.0,2000,171.01884976582272,177000.0
1802.0,7,793.0,1950,95.66487564479634,200100.0
1340.0,5,0.0,2006,108.51413020432587,120000.0
2082.0,7,1362.0,2003,184.8348505375304,200000.0
1252.0,5,504.0,1991,212.99080686304876,127000.0
3608.0,10,1107.0,1993,289.5745876588743,475000.0
1217.0,7,1188.0,1991,188.87077218572534,173000.0
1656.0,5,660.0,1987,82.40481040341002,135000.0
1224.0,5,1086.0,1979,198.41594370446313,153337.0
1593.0,8,1593.0,2002,244.4008119540115,286000.0
2727.0,8,853.0,1994,171.01884976582272,315000.0
1479.0,7,725.0,2004,184.8348505375304,184000.0
1431.0,7,1431.0,1999,239.72223388311917,192000.0
1709.0,7,970.0,2004,151.74820434321248,130000.0
864.0,5,864.0,1972,142.56230808809255,127000.0
1456.0,6,855.0,1976,171.01884976582272,148500.0
1726.0,7,1726.0,2007,274.33214274370494,311872.0
3112.0,8,1360.0,1990,276.88592392492984,235000.0
2229.0,6,755.0,1950,0.0,104000.0
1713.0,8,1713.0,2005,294.05495477941156,274900.0
1121.0,4,1121.0,2004,171.01884976582272,140000.0
1279.0,6,1196.0,1977,181.40387608871293,171500.0
1310.0,6,617.0,1950,157.58586039046082,112000.0
848.0,6,848.0,2004,164.65379278874116,149000.0
1284.0,5,720.0,1950,104.27195617018407,110000.0
1442.0,7,1424.0,1990,189.79929906779662,180500.0
1696.0,5,1140.0,1962,141.57010956872162,143900.0
1100.0,4,1100.0,1960,129.1955054614332,141000.0
2062.0,7,1157.0,1989,175.4419272879768,277000.0
1092.0,6,1092.0,1964,191.0357046863262,145000.0
864.0,5,864.0,1950,0.0,98000.0
1212.0,6,1212.0,2009,177.32963582817308,186000.0
1852.0,7,900.0,2009,233.2543941130136,252678.0
990.0,5,990.0,1995,212.99080686304876,156000.0
1392.0,6,689.0,1977,124.7832885280012,161750.0
1236.0,5,1070.0,1996,173.23364968690842,134450.0
1436.0,7,1436.0,2004,184.8348505375304,210000.0
1328.0,4,686.0,1950,93.4856231938096,107000.0
1954.0,7,798.0,2006,168.16146718043177,311500.0
1248.0,7,1248.0,2006,170.38483466848163,167240.0
1498.0,7,1498.0,2006,242.3565081473364,204900.0
2267.0,6,1010.0,2002,154.99761894473843,200000.0
1552.0,6,713.0,1975,169.11516527954575,179900.0
864.0,4,864.0,1971,212.99080686304876,97000.0
2392.0,10,2392.0,2003,324.9945119614193,386250.0
1302.0,5,630.0,1971,118.26892624436718,112000.0
2520.0,7,1203.0,1995,255.7194838815416,290000.0
987.0,6,483.0,1970,118.26892624436718,106000.0
912.0,5,912.0,1967,137.2518042461402,125000.0
1555.0,7,1373.0,2006,167.84329035786647,192500.0
1194.0,6,1194.0,1959,129.1955054614332,148000.0
2794.0,8,1462.0,1996,281.1301635955616,403000.0
987.0,6,483.0,1972,121.02163914432202,94500.0
894.0,5,894.0,1976,127.84165049337814,128200.0
1960.0,6,860.0,2002,171.01884976582272,216500.0
987.0,6,483.0,1971,112.71848151889007,89500.0
1414.0,7,1414.0,2004,187.941188961318,185500.0
1744.0,7,996.0,2003,176.38636500662582,194500.0
1694.0,8,1694.0,2007,283.3876894897944,318000.0
1487.0,6,735.0,1950,97.11138517827446,113000.0
1566.0,8,1566.0,2008,264.06106628969485,262500.0
866.0,5,686.0,1997,0.0,110500.0
1440.0,5,540.0,1950,142.56230808809255,79000.0
1217.0,6,626.0,1980,121.02163914432202,120000.0
2110.0,7,948.0,2002,178.27174877414345,205000.0
1872.0,7,1845.0,1988,221.3864167461435,241500.0
1928.0,6,1020.0,1950,171.01884976582272,137000.0
1375.0,6,1367.0,1954,174.4963135204254,140000.0
1668.0,7,840.0,2003,189.79929906779662,180000.0
2144.0,6,1444.0,2006,154.67338957475317,277000.0
1306.0,3,728.0,1966,0.0,76500.0
1625.0,8,1573.0,2007,201.47227127425276,235000.0
1640.0,6,798.0,2004,195.96302762885824,173000.0
1302.0,6,1302.0,1991,128.18042274500655,158000.0
1314.0,5,1314.0,1957,123.0767333520323,145000.0
2291.0,7,975.0,1999,167.52497416979742,230000.0
1728.0,6,864.0,2003,241.77168891246995,207500.0
1604.0,7,1604.0,2006,237.96232572810112,220000.0
1792.0,7,963.0,2001,209.36929347721832,231500.0
882.0,5,0.0,1956,127.84165049337814,97000.0
1382.0,6,1362.0,1962,301.85787907148034,176000.0
2574.0,8,1482.0,2007,297.40486797625016,276000.0
1212.0,6,506.0,1995,187.32087619859692,151000.0
1316.0,5,926.0,2001,184.8348505375304,130000.0
764.0,5,680.0,2004,191.0357046863262,73000.0
1422.0,6,1422.0,1981,212.99080686304876,175500.0
1511.0,6,802.0,1997,162.41264084968498,185000.0
2192.0,5,720.0,1997,104.27195617018407,179500.0
778.0,5,740.0,1955,312.92473434930264,120500.0
1113.0,6,1143.0,1976,191.0357046863262,148000.0
1939.0,8,1095.0,2006,348.02400700133194,266000.0
1363.0,7,1385.0,2005,170.7019102088413,241500.0
2270.0,8,1152.0,2007,241.1865420484321,290000.0
1632.0,6,1240.0,1988,137.91817726476376,139000.0
816.0,5,816.0,1982,112.71848151889007,124500.0
1548.0,7,952.0,2007,241.4791565063867,205000.0
1560.0,7,1560.0,2003,212.0867724603957,201000.0
864.0,4,864.0,1951,158.2313840348364,141000.0
2121.0,9,2121.0,2007,258.8908442904562,415298.0
2022.0,7,1160.0,1977,191.34451681090567,192000.0
1982.0,7,807.0,1989,212.68956085783967,228500.0
1262.0,6,1262.0,2006,211.78522965910034,185000.0
1314.0,7,1314.0,2008,227.931525781101,207500.0
1468.0,8,1468.0,2009,305.7418086339031,244600.0
1575.0,6,1575.0,1992,198.7220640336378,179200.0
1250.0,7,625.0,2007,198.41594370446313,164700.0
1734.0,6,912.0,1981,171.01884976582272,159000.0
858.0,4,858.0,1971,0.0,88000.0
900.0,5,882.0,1967,118.26892624436718,122000.0
1396.0,6,698.0,2003,153.04987883637892,153575.0
1919.0,8,1079.0,2006,245.2757299435499,233230.0
1716.0,5,780.0,2000,0.0,135900.0
1716.0,5,768.0,2008,118.61381628980253,131000.0
2263.0,7,795.0,1994,201.77731250963882,235000.0
1644.0,6,1416.0,1953,164.0141863386533,167000.0
1003.0,6,1003.0,1984,216.5981314336942,142500.0
1558.0,5,910.0,1950,118.95847557779645,152000.0
1950.0,7,975.0,1998,212.99080686304876,239000.0
1743.0,6,702.0,1968,201.77731250963882,175000.0
1152.0,6,1092.0,2004,125.1239529533799,158500.0
1336.0,5,1165.0,1953,150.1174765796251,157000.0
2452.0,8,1028.0,1999,244.69253172296544,267000.0
1541.0,7,1541.0,2002,290.4158732724877,205000.0
894.0,5,894.0,1972,205.7332322699063,149900.0
3493.0,7,1470.0,2002,297.9623352109559,295000.0
2000.0,8,2000.0,2005,302.96874883657165,305900.0
2243.0,7,700.0,1991,262.9141684607402,225000.0
1406.0,6,319.0,1950,0.0,89500.0
861.0,4,861.0,1950,201.77731250963882,82500.0
1944.0,9,1896.0,2004,251.95972468274604,360000.0
1501.0,6,697.0,1994,164.65379278874116,165600.0
972.0,6,972.0,2002,104.27195617018407,132000.0
1118.0,5,793.0,1950,161.44996254137624,119900.0
2036.0,7,2136.0,1965,193.81089029400167,375000.0
1641.0,7,728.0,1990,203.90962940308097,178000.0
1432.0,7,716.0,2005,168.47950502090484,188500.0
2353.0,7,845.0,1980,184.8348505375304,260000.0
1959.0,8,1088.0,2006,340.4779489449445,270000.0
2646.0,7,1347.0,1993,236.7873790996788,260000.0
1472.0,7,1372.0,1980,216.5981314336942,187500.0
2596.0,9,1249.0,2006,289.5745876588743,342643.0
2468.0,8,1136.0,2004,298.51956089624406,354000.0
2730.0,7,1502.0,1987,212.99080686304876,301000.0
1163.0,3,1162.0,2005,97.11138517827446,126175.0
2978.0,7,710.0,2007,209.36929347721832,242000.0
803.0,5,720.0,1950,145.20043925220284,87000.0
1719.0,8,1719.0,1993,181.40387608871293,324000.0
1383.0,6,1383.0,1960,122.3925863432815,145250.0
2134.0,6,844.0,1994,171.33565370589957,214500.0
1192.0,5,596.0,1950,85.7631171136582,78000.0
1728.0,5,1728.0,1964,142.56230808809255,119000.0
1056.0,5,1056.0,1992,127.84165049337814,139000.0
1629.0,8,3206.0,2004,300.74606124766837,284000.0
1358.0,7,1358.0,2004,184.8348505375304,207000.0
1638.0,6,943.0,1998,181.09122867557275,192000.0
1786.0,5,1499.0,1965,198.7220640336378,228950.0
1922.0,9,1922.0,2006,242.64879526410587,377426.0
1536.0,7,1536.0,2003,199.6397720242384,214000.0
1621.0,7,1208.0,1998,171.01884976582272,202500.0
1215.0,6,1215.0,1998,124.10131564422858,155000.0
1908.0,8,967.0,2002,168.16146718043177,202900.0
841.0,4,721.0,1950,123.0767333520323,82000.0
1040.0,3,0.0,1950,158.2313840348364,87500.0
1684.0,9,1684.0,2005,209.36929347721832,266000.0
1112.0,5,536.0,1976,137.2518042461402,85000.0
1577.0,6,972.0,1950,129.1955054614332,140200.0
958.0,6,958.0,1998,125.46440383174449,151500.0
1478.0,6,1478.0,1960,189.1803981446356,157500.0
1626.0,7,764.0,2004,181.7163990335171,154000.0
2728.0,9,1848.0,2006,251.3801503804362,437154.0
1869.0,9,1869.0,2007,225.25930721789516,318061.0
1453.0,7,1453.0,1986,172.60152056340257,190000.0
1111.0,5,616.0,1950,89.82726943206423,95000.0
720.0,6,624.0,2003,184.8348505375304,105900.0
1595.0,6,940.0,2000,104.27195617018407,140000.0
1200.0,6,1200.0,1995,196.2700288255104,177500.0
1167.0,6,1158.0,1992,158.2313840348364,173000.0
1142.0,5,1142.0,1976,198.41594370446313,134000.0
1352.0,5,1062.0,1958,121.02163914432202,130000.0
1924.0,8,1086.0,1998,217.79747961584363,280000.0
912.0,6,888.0,1978,180.46555919132814,156000.0
1505.0,5,883.0,1982,104.27195617018407,145000.0
1922.0,7,0.0,2003,241.4791565063867,198500.0
987.0,6,483.0,2007,112.71848151889007,118000.0
1574.0,6,796.0,1976,209.97387940617588,190000.0
1344.0,5,672.0,1997,179.83938806030002,147000.0
1394.0,6,1394.0,1963,194.11867552951506,159000.0
1431.0,6,1099.0,1962,123.76000547428652,165000.0
1268.0,5,1268.0,1954,105.69035071042397,132000.0
1287.0,5,1063.0,2006,212.99080686304876,162000.0
1664.0,6,953.0,2000,177.32963582817308,172400.0
1588.0,4,0.0,1959,243.81713039826585,134432.0
752.0,6,744.0,1984,112.71848151889007,125000.0
1319.0,5,608.0,1953,114.8071154443438,123000.0
1928.0,7,847.0,2004,169.11516527954575,219500.0
904.0,1,683.0,1950,0.0,61000.0
914.0,5,870.0,1996,212.99080686304876,148000.0
2466.0,8,1580.0,2005,223.17583632535542,340000.0
1856.0,9,1856.0,2010,287.89031418875425,394432.0
1800.0,6,982.0,2000,178.27174877414345,179000.0
1691.0,5,1026.0,1950,127.84165049337814,127000.0
1301.0,7,1293.0,2006,211.78522965910034,187750.0
1797.0,7,939.0,2006,231.7786647160346,213500.0
784.0,6,784.0,1950,145.20043925220284,76000.0
1953.0,6,1580.0,1992,190.10857458749123,240000.0
1269.0,8,1256.0,2005,167.84329035786647,192000.0
1184.0,5,658.0,1996,0.0,81000.0
1125.0,6,1041.0,1976,142.56230808809255,125000.0
1479.0,7,1468.0,2000,213.2919543439963,191000.0
2332.0,10,1682.0,2008,291.2565946691957,426000.0
1367.0,5,861.0,1950,153.04987883637892,119000.0
1961.0,6,804.0,2002,208.15890770922698,215000.0
882.0,5,0.0,1959,123.0767333520323,106500.0
788.0,4,788.0,1950,0.0,100000.0
1034.0,5,735.0,1950,104.27195617018407,109000.0
1144.0,5,1144.0,1956,218.995301827102,129000.0
894.0,5,894.0,1972,220.19161021397755,123000.0
1812.0,5,864.0,1962,112.71848151889007,169500.0
1077.0,5,961.0,1950,137.91817726476376,67000.0
1550.0,7,1092.0,2007,170.38483466848163,241000.0
1288.0,8,1260.0,1996,189.79929906779662,245500.0
1310.0,7,1310.0,2005,158.2313840348364,164990.0
672.0,5,672.0,1997,104.27195617018407,108000.0
2263.0,8,1141.0,1998,164.65379278874116,258000.0
1572.0,6,806.0,1996,149.46404162167929,168000.0
1620.0,4,1281.0,1993,186.70008828681972,150000.0
1639.0,6,1064.0,1950,104.27195617018407,115000.0
1680.0,6,840.0,1976,127.84165049337814,177000.0
2172.0,7,1063.0,2006,319.2471353319145,280000.0
2078.0,8,1034.0,2008,288.45199169728835,339750.0
1276.0,5,1276.0,1958,141.9010201000796,60000.0
1056.0,5,1056.0,1955,211.78522965910034,145000.0
1478.0,7,1470.0,2009,184.8348505375304,222000.0
1028.0,5,1008.0,1950,145.20043925220284,115000.0
2097.0,7,1080.0,1993,243.2331252127944,228000.0
1340.0,7,1340.0,2007,156.93972574047854,181134.0
1400.0,6,672.0,1978,171.01884976582272,149500.0
2624.0,6,1370.0,1950,296.28920621126343,239000.0
1134.0,5,756.0,1950,104.27195617018407,126000.0
1056.0,5,1056.0,1968,126.48448355758627,142000.0
1344.0,7,1344.0,1998,273.76388907137317,206300.0
1602.0,6,1602.0,2000,198.7220640336378,215000.0
988.0,5,988.0,1954,195.96302762885824,113000.0
2630.0,8,1470.0,1998,248.47761491685856,315000.0
1196.0,6,1196.0,1956,124.10131564422858,139000.0
1389.0,7,651.0,1992,104.27195617018407,135000.0
1644.0,7,1518.0,1989,210.8800043741172,275000.0
907.0,4,907.0,1957,142.56230808809255,109008.0
1208.0,7,1208.0,2007,228.52436592856031,195400.0
1412.0,6,1392.0,1988,212.99080686304876,175000.0
987.0,6,483.0,1971,112.71848151889007,85400.0
1198.0,6,901.0,1998,0.0,79900.0
1365.0,5,765.0,1971,171.01884976582272,122500.0
1604.0,6,926.0,1998,180.46555919132814,181000.0
630.0,4,630.0,1972,0.0,81000.0
1661.0,7,799.0,1996,205.12578155007614,212000.0
1118.0,6,648.0,1950,171.01884976582272,116000.0
904.0,6,884.0,2004,82.40481040341002,119000.0
694.0,5,440.0,2002,142.56230808809255,90350.0
1196.0,6,684.0,2000,198.41594370446313,110000.0
2402.0,10,3094.0,2008,241.4791565063867,555000.0
1440.0,4,1440.0,1955,0.0,118000.0
1573.0,5,1078.0,1992,145.20043925220284,162900.0
1258.0,7,1258.0,2007,234.433423201501,172500.0
1908.0,7,915.0,1995,187.63109183053555,210000.0
1689.0,6,1436.0,1956,183.58894020794867,127500.0
1888.0,6,1517.0,2002,213.5930035032791,190000.0
1886.0,7,930.0,1999,168.16146718043177,199900.0
1376.0,6,780.0,1950,89.09152081431868,119500.0
1183.0,3,649.0,2002,127.84165049337814,120000.0
813.0,6,813.0,2005,114.8071154443438,110000.0
1533.0,7,1533.0,1975,212.99080686304876,280000.0
1756.0,6,872.0,1997,165.29282599903672,204000.0
1590.0,8,768.0,2008,242.64879526410587,210000.0
1728.0,5,1728.0,1976,208.15890770922698,188000.0
1242.0,7,1242.0,1973,198.41594370446313,175500.0
1344.0,5,624.0,1950,193.81089029400167,98000.0
1663.0,4,1364.0,1994,198.7220640336378,256000.0
1666.0,8,588.0,1996,99.98970829239325,161000.0
1203.0,5,709.0,1950,142.56230808809255,110000.0
1935.0,8,832.0,2009,205.7332322699063,263435.0
1135.0,7,560.0,2007,212.99080686304876,155000.0
864.0,5,864.0,1965,145.20043925220284,62383.0
1660.0,6,715.0,1995,104.27195617018407,188700.0
1040.0,5,1040.0,1978,0.0,124000.0
1414.0,7,1375.0,2004,157.58586039046082,178740.0
1277.0,7,1277.0,1970,197.8033750793214,167000.0
1644.0,5,728.0,1995,129.1955054614332,146500.0
1634.0,8,1626.0,2006,296.84715853113073,250000.0
1710.0,6,832.0,1993,191.65321376753505,187000.0
1502.0,8,1488.0,1985,198.41594370446313,212000.0
1969.0,7,808.0,1977,200.2510356143257,190000.0
1072.0,6,547.0,2005,197.49692629035567,148000.0
1976.0,8,1976.0,2007,308.50905246312,440000.0
1652.0,8,1494.0,2000,189.48990701254945,251000.0
970.0,5,970.0,1963,227.3383286074287,132500.0
1493.0,6,1478.0,1998,192.2702632556991,208900.0
2643.0,9,2153.0,2006,247.8961676330959,380000.0
1718.0,8,1705.0,2008,285.64105709574244,297000.0
1131.0,4,907.0,2000,241.4791565063867,89471.0
1850.0,9,1833.0,2005,270.3485980387613,326000.0
1792.0,9,1792.0,2004,299.076545689797,374000.0
1826.0,7,910.0,2005,76.35500378804655,155000.0
1216.0,6,1216.0,1998,158.87630029451446,164000.0
999.0,5,999.0,2001,112.71848151889007,132500.0
1113.0,5,1113.0,2007,112.71848151889007,147000.0
1073.0,5,1073.0,1965,194.42634798563128,156000.0
1484.0,5,1484.0,1971,185.76801047423132,175000.0
2414.0,5,954.0,1970,195.96302762885824,160000.0
630.0,4,630.0,2002,120.33482442343586,86000.0
1304.0,5,264.0,1976,137.2518042461402,115000.0
1578.0,6,806.0,1950,104.27195617018407,133000.0
1456.0,6,728.0,2006,167.52497416979742,172785.0
1269.0,5,1269.0,1960,127.84165049337814,155000.0
886.0,5,190.0,1996,115.84815171635313,91300.0
720.0,4,720.0,1950,0.0,34900.0
3228.0,8,3200.0,1993,203.90962940308097,430000.0
1820.0,7,1026.0,1950,104.27195617018407,184000.0
899.0,5,864.0,2004,121.02163914432202,130000.0
912.0,5,912.0,1985,124.10131564422858,120000.0
1218.0,6,672.0,1973,112.71848151889007,113000.0
1768.0,7,866.0,2005,221.08785526393245,226700.0
1214.0,5,1214.0,1965,177.6438016878652,140000.0
1801.0,7,1501.0,1997,184.8348505375304,289000.0
1322.0,6,855.0,1974,171.01884976582272,147000.0
1960.0,5,960.0,1952,158.2313840348364,124500.0
1911.0,8,777.0,1994,180.77845648122033,215000.0
1218.0,6,1218.0,2009,242.64879526410587,208300.0
1378.0,7,689.0,2005,145.20043925220284,161000.0
1041.0,5,1041.0,1959,114.8071154443438,124500.0
1363.0,5,1008.0,2000,121.02163914432202,164900.0
1368.0,7,1368.0,2006,181.7163990335171,202665.0
864.0,5,864.0,1958,227.3383286074287,129900.0
1080.0,6,1084.0,1983,184.8348505375304,134000.0
789.0,5,768.0,1950,89.82726943206423,96500.0
2020.0,10,2006.0,2009,306.2957202192133,402861.0
2119.0,6,689.0,1972,215.09678151224094,158000.0
2344.0,7,1264.0,1997,303.24631873875876,265000.0
1796.0,6,794.0,1998,203.90962940308097,211000.0
2080.0,7,1276.0,2004,118.95847557779645,234000.0
1294.0,4,0.0,2000,0.0,106250.0
1244.0,6,1244.0,1957,137.2518042461402,150000.0
1664.0,6,1004.0,1950,164.65379278874116,159000.0
4676.0,10,3138.0,2008,301.85787907148034,184750.0
2398.0,7,1379.0,1997,287.89031418875425,315750.0
1266.0,7,1257.0,2005,175.12685382663943,176000.0
928.0,5,928.0,2000,108.51413020432587,132000.0
2713.0,9,1452.0,2008,294.61388530924154,446261.0
605.0,4,528.0,2002,0.0,86000.0
2515.0,6,2035.0,1975,184.8348505375304,200624.0
1509.0,6,1461.0,1989,220.19161021397755,175000.0
1362.0,6,611.0,1999,190.41773384753935,128000.0
827.0,5,0.0,2007,155.64560873968662,107500.0
334.0,1,0.0,1950,0.0,39300.0
1414.0,8,707.0,2004,159.19853177585932,178000.0
1347.0,5,1117.0,1991,0.0,107500.0
1724.0,7,880.0,1999,198.10971413502045,188000.0
864.0,4,864.0,1972,212.99080686304876,111250.0
1159.0,5,1051.0,1968,137.2518042461402,158000.0
1601.0,8,1581.0,2002,240.8938453934392,272000.0
1838.0,9,1838.0,2006,268.3517286526679,315000.0
2285.0,8,969.0,2000,234.433423201501,248000.0
1680.0,7,1650.0,1999,215.09678151224094,213250.0
767.0,7,723.0,1998,147.4997606702933,133000.0
1496.0,7,654.0,2006,166.56918554908623,179665.0
2183.0,7,1204.0,1988,274.33214274370494,229000.0
1635.0,6,1065.0,1950,171.01884976582272,210000.0
768.0,5,768.0,1970,227.3383286074287,129500.0
825.0,5,825.0,1995,255.43072800214057,125000.0
2094.0,7,912.0,2004,224.66448647566668,263000.0
1069.0,6,1069.0,1977,171.01884976582272,140000.0
928.0,5,928.0,1957,121.02163914432202,112500.0
1717.0,8,1709.0,2006,308.50905246312,255500.0
1126.0,4,0.0,2003,195.96302762885824,108000.0
2046.0,7,998.0,2004,298.24097820609467,284000.0
1048.0,5,993.0,1950,118.26892624436718,113000.0
1092.0,5,1092.0,1957,124.7832885280012,141000.0
1336.0,4,637.0,1950,211.18184582284655,108000.0
1446.0,7,729.0,1997,160.16432494746712,175000.0
1557.0,7,1374.0,2004,164.65379278874116,234000.0
1392.0,5,1392.0,1996,198.41594370446313,121500.0
1389.0,5,1389.0,1975,164.0141863386533,170000.0
996.0,5,996.0,1969,0.0,108000.0
1674.0,6,1163.0,1950,156.93972574047854,185000.0
2295.0,7,1095.0,2000,217.19799703729868,268000.0
1647.0,6,806.0,1950,95.66487564479634,128000.0
2504.0,9,1122.0,2007,236.7873790996788,325000.0
1535.0,7,1517.0,2004,199.6397720242384,214000.0
2132.0,8,1496.0,2009,223.7715712631179,316600.0
943.0,5,943.0,1979,220.19161021397755,135960.0
1728.0,5,1728.0,1965,212.99080686304876,142600.0
864.0,6,864.0,1959,121.02163914432202,120000.0
1692.0,7,846.0,2009,235.0224230872889,224500.0
1430.0,7,384.0,2000,158.2313840348364,170000.0
1109.0,5,372.0,2005,121.02163914432202,139000.0
1216.0,5,832.0,1950,137.2518042461402,118500.0
1477.0,7,861.0,1950,95.66487564479634,145000.0
1320.0,5,1164.0,1966,209.36929347721832,164500.0
1392.0,7,689.0,2007,202.0822471449123,146000.0
1795.0,5,1050.0,1954,142.56230808809255,131500.0
1429.0,6,1144.0,1987,211.78522965910034,181900.0
2042.0,8,2042.0,2009,436.17900327253204,253293.0
816.0,6,816.0,1990,0.0,118500.0
2775.0,10,1237.0,2000,300.74606124766837,325000.0
1573.0,4,884.0,1995,104.27195617018407,133000.0
2028.0,8,1868.0,2006,300.74606124766837,369900.0
838.0,6,816.0,2000,116.54098020798489,130000.0
860.0,5,840.0,1982,198.41594370446313,137000.0
1473.0,5,1437.0,2003,174.81164935207934,143000.0
935.0,5,742.0,1960,127.84165049337814,79500.0
1582.0,7,770.0,2004,195.96302762885824,185900.0
2296.0,10,1722.0,2008,290.1355075431905,451950.0
816.0,5,816.0,2003,282.8236997444266,138000.0
848.0,6,848.0,2003,164.65379278874116,140000.0
924.0,5,924.0,1975,118.26892624436718,110000.0
1826.0,8,1814.0,2006,266.3514120494785,319000.0
1368.0,6,684.0,1993,95.66487564479634,114504.0
1402.0,7,1258.0,2007,234.433423201501,194201.0
1647.0,5,1430.0,1977,226.4478604483708,217500.0
1556.0,6,716.0,1980,174.81164935207934,151000.0
1904.0,8,1058.0,2005,260.0418338312891,275000.0
1375.0,6,780.0,1950,203.30092435457723,141000.0
1915.0,8,908.0,1992,191.65321376753505,220000.0
1200.0,7,600.0,2005,183.58894020794867,151000.0
1494.0,7,1494.0,2002,199.02807536751703,221000.0
1986.0,7,768.0,1990,185.45707778896863,205000.0
1040.0,5,1040.0,1996,212.99080686304876,152000.0
2008.0,5,896.0,2002,100.70630222315934,225000.0
3194.0,8,965.0,1998,151.74820434321248,359100.0
1029.0,4,1029.0,1961,111.67082513216263,118500.0
2153.0,9,1440.0,2000,260.0418338312891,313000.0
1032.0,6,1032.0,1978,209.36929347721832,148000.0
1872.0,8,1299.0,2001,199.33397795006405,261500.0
1120.0,5,1120.0,2007,0.0,147000.0
630.0,4,630.0,1972,0.0,75500.0
1054.0,6,936.0,1963,183.58894020794867,137500.0
1509.0,6,783.0,2003,155.96937011079294,183200.0
832.0,6,832.0,1954,198.41594370446313,105500.0
1828.0,9,1822.0,2007,270.9185041938647,314813.0
2262.0,8,1482.0,2003,263.774450153686,305000.0
864.0,3,864.0,1950,0.0,67000.0
2614.0,6,1522.0,1997,227.3383286074287,240000.0
980.0,5,980.0,1977,184.8348505375304,135000.0
1512.0,6,756.0,2000,171.01884976582272,168500.0
1790.0,6,732.0,1972,184.8348505375304,165150.0
1116.0,6,1116.0,1962,171.01884976582272,160000.0
1422.0,5,978.0,1978,120.33482442343586,139900.0
1520.0,6,1156.0,1972,146.51535719346987,153000.0
2080.0,5,1040.0,1969,191.0357046863262,135000.0
1350.0,6,1248.0,1964,195.96302762885824,168500.0
1750.0,5,636.0,1991,104.27195617018407,124000.0
1554.0,8,1554.0,2006,228.2279903985693,209500.0
1411.0,7,1386.0,1977,203.30092435457723,82500.0
1056.0,5,1056.0,2005,111.3211041603443,139400.0
1056.0,6,1056.0,1980,212.99080686304876,144000.0
3395.0,6,1440.0,1995,0.0,200000.0
800.0,2,264.0,1950,0.0,60000.0
1387.0,5,811.0,1954,109.91967872645662,93000.0
796.0,5,796.0,1950,0.0,85000.0
1567.0,8,1520.0,2006,234.433423201501,264561.0
1518.0,8,1518.0,2004,216.5981314336942,274000.0
1929.0,7,1057.0,2001,235.0224230872889,226000.0
2704.0,8,1952.0,1995,201.47227127425276,345000.0
1620.0,5,780.0,1969,177.95783922672393,152000.0
1766.0,9,1766.0,2009,182.96525233665184,370878.0
981.0,6,981.0,1971,212.99080686304876,143250.0
1048.0,5,0.0,1950,164.65379278874116,98300.0
1094.0,6,1094.0,1953,188.25116787547086,155000.0
1839.0,6,756.0,1966,171.652322393731,155000.0
630.0,4,630.0,1970,0.0,84500.0
1665.0,7,813.0,2007,208.76430348053893,205950.0
1510.0,4,755.0,1950,123.76000547428652,108000.0
1716.0,7,880.0,1996,193.50299201821488,191000.0
1469.0,6,756.0,1995,95.66487564479634,135000.0
2113.0,8,2109.0,1995,289.2940333263408,350000.0
1092.0,6,525.0,1971,112.71848151889007,88000.0
1053.0,5,1053.0,2006,129.1955054614332,145500.0
1502.0,7,776.0,2000,114.8071154443438,149000.0
1458.0,6,912.0,1950,135.2481828207522,97500.0
1486.0,5,1486.0,1999,183.58894020794867,167000.0
1935.0,7,793.0,1976,205.12578155007614,197900.0
2448.0,8,1629.0,2005,252.828508032915,402000.0
1392.0,6,1392.0,1968,212.99080686304876,110000.0
1181.0,4,1138.0,1972,216.5981314336942,137500.0
2097.0,8,2077.0,2006,369.645201232158,423000.0
1936.0,8,1406.0,2000,191.0357046863262,230500.0
2380.0,6,1021.0,1979,218.995301827102,129000.0
1679.0,6,1408.0,1998,212.68956085783967,193500.0
1437.0,5,1188.0,1987,212.99080686304876,168000.0
1180.0,4,700.0,1950,108.51413020432587,137500.0
1476.0,6,738.0,2005,202.0822471449123,173500.0
1369.0,6,672.0,1950,125.1239529533799,103600.0
1208.0,6,1208.0,1977,203.90962940308097,165000.0
1839.0,6,1477.0,2004,163.37400339461365,257500.0
1136.0,6,1136.0,1965,153.04987883637892,140000.0
1441.0,6,855.0,1978,171.01884976582272,148500.0
1774.0,4,1095.0,1950,272.3420572856993,87000.0
792.0,5,768.0,2006,104.27195617018407,109500.0
2046.0,8,2046.0,2008,287.89031418875425,372500.0
988.0,5,988.0,1961,211.78522965910034,128500.0
923.0,6,923.0,1980,112.71848151889007,143000.0
1520.0,5,793.0,2000,118.61381628980253,159434.0
1291.0,6,1291.0,1997,168.16146718043177,173000.0
1668.0,9,1626.0,2002,250.22007213735407,285000.0
1839.0,7,1195.0,1998,185.45707778896863,221000.0
2090.0,7,1190.0,1984,213.2919543439963,207500.0
1761.0,7,874.0,2007,213.5930035032791,227875.0
1102.0,7,551.0,2004,183.58894020794867,148800.0
1419.0,8,1419.0,2007,210.27602137506227,392000.0
1362.0,6,1362.0,2006,177.32963582817308,194700.0
848.0,6,848.0,2004,164.65379278874116,141000.0
4316.0,10,2444.0,1995,287.32838270129827,755000.0
2519.0,7,1210.0,1990,228.52436592856031,335000.0
1073.0,5,1073.0,1968,133.90862931512467,108480.0
1539.0,5,927.0,1950,212.99080686304876,141500.0
1137.0,6,1112.0,1987,205.42955883549678,176000.0
616.0,5,616.0,1950,91.66063659158512,89000.0
1148.0,5,980.0,1952,127.84165049337814,123500.0
894.0,5,894.0,2009,137.2518042461402,138500.0
1391.0,7,1391.0,2004,199.02807536751703,196000.0
1800.0,8,1800.0,2002,268.3517286526679,312500.0
1164.0,7,1164.0,1969,198.41594370446313,140000.0
2576.0,8,1234.0,2006,239.72223388311917,361919.0
1812.0,5,360.0,1996,241.4791565063867,140000.0
1484.0,7,1473.0,2005,221.98326050979904,213000.0
1092.0,4,0.0,1950,0.0,55000.0
1824.0,7,1643.0,2002,260.9043022122224,302000.0
1324.0,8,1324.0,2006,205.12578155007614,254000.0
1456.0,7,728.0,2007,158.2313840348364,179540.0
904.0,5,876.0,1966,160.80744038845617,109900.0
729.0,3,270.0,2003,0.0,52000.0
1178.0,4,859.0,1950,153.04987883637892,102776.0
1228.0,8,1228.0,1989,181.09122867557275,189000.0
960.0,4,960.0,1970,212.99080686304876,129000.0
1479.0,6,725.0,2005,182.02879782142008,130500.0
1350.0,6,1064.0,1974,182.96525233665184,165000.0
2554.0,7,718.0,1998,250.80026654667907,159500.0
1178.0,5,1176.0,2000,170.7019102088413,157000.0
2418.0,7,1311.0,1994,329.08538095000364,341000.0
971.0,5,971.0,1969,125.1239529533799,128500.0
1742.0,8,1742.0,1985,209.36929347721832,275000.0
848.0,6,848.0,2004,164.65379278874116,143000.0
864.0,4,864.0,1970,178.27174877414345,124500.0
1470.0,4,941.0,1972,204.5179145289512,135000.0
1698.0,9,1698.0,2008,269.20794974745485,320000.0
864.0,4,864.0,1970,237.96232572810112,120500.0
1680.0,6,880.0,2007,202.0822471449123,222000.0
1232.0,7,1232.0,2007,229.70898053180986,194500.0
1776.0,5,1584.0,1958,302.96874883657165,110000.0
1208.0,4,780.0,1950,201.77731250963882,103000.0
1616.0,8,1595.0,1996,222.5797332201641,236500.0
1146.0,7,868.0,2003,170.38483466848163,187500.0
2031.0,7,1153.0,1999,202.38707541426555,222500.0
1144.0,5,864.0,1983,112.71848151889007,131400.0
948.0,5,948.0,1968,125.1239529533799,108000.0
1768.0,7,880.0,1970,131.89347913260235,163000.0
1040.0,3,0.0,1950,158.2313840348364,93500.0
1801.0,8,893.0,2005,278.3023341782025,239900.0
1200.0,5,1200.0,1988,0.0,179000.0
1728.0,7,864.0,2004,211.78522965910034,190000.0
1432.0,5,264.0,2002,145.20043925220284,132000.0
912.0,6,912.0,1996,121.02163914432202,142000.0
1349.0,7,1349.0,2001,201.77731250963882,179000.0
1464.0,5,520.0,1999,183.58894020794867,175000.0
1337.0,8,1337.0,1993,177.95783922672393,180000.0
2715.0,8,1142.0,1996,287.0473214890445,299800.0
2256.0,7,952.0,2000,206.34026847762115,236000.0
2640.0,7,1240.0,2003,296.28920621126343,265979.0
1720.0,7,1720.0,1996,198.10971413502045,260400.0
1529.0,4,0.0,1950,104.27195617018407,98000.0
1140.0,4,576.0,2004,0.0,96500.0
1320.0,7,660.0,2003,158.2313840348364,162000.0
1494.0,6,1479.0,1997,212.99080686304876,217000.0
2098.0,8,1030.0,2005,300.189795216003,275500.0
1026.0,6,1026.0,2005,171.01884976582272,156000.0
1471.0,6,729.0,1999,171.01884976582272,172500.0
1768.0,8,866.0,2007,213.5930035032791,212000.0
1386.0,6,672.0,1978,171.01884976582272,158900.0
1501.0,7,744.0,1999,171.01884976582272,179400.0
2531.0,8,1318.0,1995,264.63408260478184,290000.0
864.0,6,864.0,1959,125.1239529533799,127500.0
1301.0,5,1145.0,1950,171.01884976582272,100000.0
1547.0,7,756.0,2009,224.36693946093243,215200.0
2365.0,8,1252.0,1999,294.05495477941156,337000.0
1494.0,8,1494.0,1996,183.9006005150637,270000.0
1506.0,9,1498.0,2008,217.79747961584363,264132.0
1714.0,7,980.0,1988,188.56102885626532,196500.0
1750.0,6,983.0,1985,165.612128646969,160000.0
1836.0,7,1860.0,2005,184.8348505375304,216837.0
3279.0,8,1650.0,2003,289.85507903486666,538000.0
858.0,5,858.0,1982,212.99080686304876,134900.0
1220.0,4,836.0,1951,156.93972574047854,102000.0
1117.0,6,1029.0,1976,241.4791565063867,107000.0
912.0,5,912.0,1958,116.54098020798489,114500.0
1973.0,8,1935.0,2006,304.91050487695605,395000.0
1204.0,6,1204.0,1998,162.09189483663235,162000.0
1614.0,7,1614.0,2006,296.5682127721925,221500.0
894.0,5,864.0,1974,171.01884976582272,142500.0
2020.0,5,0.0,1977,229.11685039888818,144000.0
1004.0,6,975.0,1977,191.0357046863262,135000.0
1253.0,7,1237.0,1996,158.87630029451446,176000.0
1603.0,6,761.0,1992,184.8348505375304,175900.0
1430.0,7,1413.0,2002,221.684885100548,187100.0
1110.0,5,1097.0,1978,220.78920047059967,165500.0
1484.0,6,742.0,2001,0.0,128000.0
1342.0,6,1372.0,1967,176.38636500662582,161500.0
1652.0,5,686.0,1950,163.37400339461365,139000.0
2084.0,7,956.0,2004,225.55658129595864,233000.0
901.0,4,901.0,2000,118.61381628980253,107900.0
2087.0,6,832.0,2007,172.28525546230074,187500.0
1145.0,7,1145.0,2006,157.2628696690302,160200.0
1062.0,6,1029.0,1976,201.77731250963882,146800.0
2013.0,7,1117.0,1997,175.75687007830876,269790.0
1496.0,8,1496.0,2007,181.7163990335171,225000.0
1895.0,7,712.0,1996,161.1287754106661,194500.0
1564.0,6,650.0,1981,182.34107276242506,171000.0
1285.0,6,660.0,1977,198.41594370446313,143500.0
773.0,5,773.0,1953,104.27195617018407,110000.0
3140.0,9,1926.0,2009,283.95141934718515,485000.0
1768.0,5,731.0,1950,104.27195617018407,175000.0
1688.0,6,616.0,1997,221.08785526393245,200000.0
1196.0,4,1196.0,1990,171.01884976582272,109900.0
1456.0,7,728.0,2005,161.44996254137624,189000.0
2822.0,9,1734.0,2009,339.1263738676507,582933.0
1128.0,5,936.0,1954,120.33482442343586,118000.0
1428.0,7,1417.0,2008,206.34026847762115,227680.0
980.0,5,980.0,1967,153.04987883637892,135500.0
1576.0,5,1324.0,2004,198.41594370446313,223500.0
1086.0,5,1024.0,1966,184.8348505375304,159950.0
2138.0,5,849.0,1965,145.20043925220284,106000.0
1309.0,6,1040.0,1999,184.8348505375304,181000.0
848.0,6,848.0,2004,164.65379278874116,144500.0
1044.0,5,540.0,1952,191.0357046863262,55993.0
1442.0,6,1442.0,1958,125.46440383174449,157900.0
1250.0,5,686.0,1950,118.26892624436718,116000.0
1661.0,7,1649.0,1998,219.59364449638264,224900.0
1008.0,5,1008.0,1954,116.54098020798489,137000.0
1689.0,8,1568.0,2002,294.3344507825777,271000.0
1052.0,6,1010.0,1971,171.01884976582272,155000.0
1358.0,7,1358.0,2010,184.8348505375304,224000.0
1640.0,7,798.0,2003,218.69598866674508,183000.0
936.0,4,936.0,1953,212.99080686304876,93000.0
1733.0,7,847.0,2003,168.79740426075938,225000.0
1489.0,6,778.0,1950,104.27195617018407,139500.0
1489.0,8,1489.0,2006,271.48813282857554,232600.0
2084.0,10,2078.0,2008,392.28466160151027,385000.0
784.0,5,784.0,1950,0.0,109500.0
1434.0,7,1454.0,2001,198.10971413502045,189000.0
2126.0,5,1013.0,1967,201.47227127425276,185000.0
1223.0,7,600.0,2005,183.58894020794867,147400.0
1392.0,6,1392.0,1957,176.70091782087988,166000.0
1200.0,7,600.0,2005,183.58894020794867,151000.0
1829.0,7,941.0,2003,224.06930111569912,237000.0
1516.0,6,1516.0,1964,181.09122867557275,167000.0
1144.0,5,1144.0,1961,176.07168253821035,139950.0
1067.0,4,1067.0,1995,169.75027416258254,128000.0
1559.0,5,1559.0,1973,281.69493755987685,153500.0
987.0,6,483.0,1973,112.71848151889007,100000.0
1099.0,5,1099.0,2006,142.56230808809255,144000.0
1200.0,5,768.0,1995,104.27195617018407,130500.0
1482.0,6,672.0,1950,158.2313840348364,140000.0
1539.0,5,650.0,2002,245.5672086740445,157500.0
1165.0,6,1127.0,1966,186.70008828681972,174900.0
1800.0,5,1800.0,1961,0.0,141000.0
1416.0,5,876.0,1950,255.43072800214057,153900.0
1701.0,5,1390.0,1981,223.4737497257084,171000.0
1775.0,7,740.0,1993,166.25030802562895,213000.0
864.0,5,864.0,1972,137.91817726476376,133500.0
2358.0,6,907.0,1997,145.20043925220284,240000.0
1855.0,6,528.0,1994,193.50299201821488,187000.0
848.0,6,848.0,2003,164.65379278874116,131500.0
1456.0,8,1273.0,2003,158.2313840348364,215000.0
1646.0,7,918.0,1950,104.27195617018407,164000.0
1445.0,6,1127.0,1964,233.54928044371184,158000.0
1779.0,5,1763.0,1974,175.4419272879768,170000.0
1040.0,5,1040.0,2010,111.3211041603443,127000.0
1026.0,6,940.0,1978,212.99080686304876,147000.0
1481.0,6,702.0,1995,139.5808765421038,174000.0
1370.0,7,1090.0,1976,183.27715758280678,152000.0
2654.0,6,1054.0,1984,225.85376474466798,250000.0
1426.0,7,912.0,1998,95.66487564479634,189950.0
1039.0,5,1039.0,1965,191.0357046863262,131500.0
1097.0,6,1040.0,1985,183.58894020794867,152000.0
1148.0,5,1148.0,1959,241.4791565063867,132500.0
1372.0,7,1372.0,2008,198.7220640336378,250580.0
1002.0,5,1002.0,1970,306.849399785515,148500.0
1646.0,8,1638.0,2007,297.9623352109559,248900.0
1120.0,4,1040.0,1961,203.30092435457723,129000.0
2320.0,5,0.0,1950,241.4791565063867,169000.0
1949.0,7,1050.0,1994,212.38821612500232,236000.0
894.0,5,894.0,1962,127.84165049337814,109500.0
1682.0,6,804.0,1998,196.88369851943722,200500.0
910.0,5,105.0,1996,162.73324066828607,116000.0
1268.0,5,832.0,1950,121.02163914432202,133000.0
1131.0,5,676.0,1950,89.82726943206423,66500.0
2610.0,8,1184.0,2007,205.12578155007614,303477.0
1040.0,4,1064.0,1963,234.433423201501,132250.0
2224.0,9,1462.0,2005,260.6168862073169,350000.0
1155.0,5,1109.0,1995,212.99080686304876,148000.0
864.0,5,864.0,2005,137.2518042461402,136500.0
1090.0,5,1090.0,2006,174.18084598614104,157000.0
1717.0,7,1156.0,1991,158.2313840348364,187500.0
1593.0,6,808.0,1993,154.67338957475317,178000.0
2230.0,4,795.0,1950,171.01884976582272,118500.0
892.0,5,892.0,1967,121.02163914432202,100000.0
1709.0,9,1698.0,2000,191.65321376753505,328900.0
1712.0,5,1626.0,2005,216.5981314336942,145000.0
1393.0,5,816.0,1955,125.1239529533799,135500.0
2217.0,8,2217.0,1970,226.4478604483708,268000.0
1505.0,6,1505.0,1953,191.34451681090567,149500.0
924.0,5,672.0,2006,212.99080686304876,122900.0
1683.0,6,918.0,1978,171.01884976582272,172500.0
1068.0,6,1059.0,2003,112.71848151889007,154500.0
1383.0,5,1383.0,1954,143.22288929525533,165000.0
1535.0,5,0.0,1979,158.2313840348364,118858.0
1796.0,6,780.0,1963,184.52355538028922,140000.0
951.0,4,951.0,1950,134.24380622117107,106500.0
2240.0,5,0.0,1979,198.41594370446313,142953.0
2364.0,9,2330.0,2010,283.95141934718515,611657.0
1236.0,5,912.0,1994,121.02163914432202,135000.0
858.0,4,858.0,1971,244.98417100625994,110000.0
1306.0,5,992.0,2000,265.7792545831688,153000.0
1509.0,7,783.0,2003,155.96937011079294,180000.0
1670.0,7,1670.0,2006,246.73232429677927,240000.0
902.0,5,876.0,1967,121.02163914432202,125500.0
1063.0,5,1056.0,1954,118.26892624436718,128000.0
1636.0,8,1623.0,2006,296.5682127721925,255000.0
2057.0,7,1017.0,1987,82.40481040341002,250000.0
902.0,5,864.0,1983,184.8348505375304,131000.0
1484.0,6,742.0,2005,154.99761894473843,174000.0
2274.0,5,1105.0,1960,183.58894020794867,154300.0
1268.0,5,1268.0,1989,108.51413020432587,143500.0
1015.0,5,768.0,1950,174.18084598614104,88000.0
2002.0,5,1001.0,1950,298.24097820609467,145000.0
1224.0,6,612.0,2009,198.41594370446313,173733.0
1092.0,4,546.0,1970,120.33482442343586,75000.0
480.0,2,480.0,1950,127.84165049337814,35311.0
1229.0,4,1134.0,1956,119.64710574990627,135000.0
2127.0,7,1104.0,1991,287.6093802376181,238000.0
1414.0,6,1184.0,2002,220.4904521821646,176500.0
1721.0,6,928.0,1994,180.77845648122033,201000.0
2200.0,5,1272.0,2003,0.0,145900.0
1316.0,6,1316.0,2006,157.2628696690302,169990.0
1617.0,6,1604.0,1994,199.94545783200212,193000.0
1686.0,6,1686.0,1980,223.7715712631179,207500.0
1126.0,5,1126.0,1977,202.0822471449123,175000.0
2374.0,8,1181.0,2004,236.7873790996788,285000.0
1978.0,7,832.0,1968,185.45707778896863,176000.0
1788.0,8,1753.0,2001,196.576919038299,236500.0
2236.0,7,964.0,1997,232.66436238253502,222000.0
1466.0,8,1466.0,2007,223.17583632535542,201000.0
925.0,5,925.0,1965,167.52497416979742,117500.0
1905.0,9,1905.0,2006,274.90012391863127,320000.0
1500.0,7,1500.0,2004,211.18184582284655,190000.0
2069.0,7,585.0,2007,191.34451681090567,242000.0
747.0,4,600.0,1953,198.41594370446313,79900.0
1200.0,7,1176.0,2003,206.64363169469206,184900.0
1971.0,7,1113.0,2005,246.4411650102107,253000.0
1962.0,7,1391.0,2006,297.40486797625016,239799.0
2403.0,7,1032.0,1950,141.57010956872162,244400.0
1728.0,6,1728.0,1976,212.38821612500232,150900.0
2060.0,7,992.0,1999,154.99761894473843,214000.0
1440.0,4,1440.0,1977,0.0,150000.0
1632.0,5,1632.0,1967,212.99080686304876,143000.0
1344.0,6,819.0,1958,197.49692629035567,137500.0
1869.0,5,1088.0,1996,176.07168253821035,124900.0
1144.0,5,1144.0,1959,277.16933999473974,143000.0
1629.0,8,1616.0,2003,280.56512669293875,270000.0
1776.0,7,936.0,2002,181.7163990335171,192500.0
1381.0,6,1161.0,2006,242.64879526410587,197500.0
864.0,5,864.0,2002,255.43072800214057,129000.0
965.0,5,828.0,1965,125.1239529533799,119900.0
768.0,5,768.0,2003,156.93972574047854,133900.0
1968.0,5,784.0,1969,199.02807536751703,172000.0
980.0,6,945.0,1975,0.0,127500.0
1958.0,6,979.0,1950,187.32087619859692,145000.0
1229.0,6,561.0,1980,177.95783922672393,124000.0
1057.0,5,1057.0,1962,212.99080686304876,132000.0
1337.0,7,1337.0,2003,199.33397795006405,185000.0
1416.0,7,696.0,1999,184.8348505375304,155000.0
858.0,5,858.0,2008,0.0,116500.0
2872.0,6,1330.0,1995,225.85376474466798,272000.0
1548.0,6,804.0,1976,171.01884976582272,155000.0
1800.0,9,1800.0,2007,250.22007213735407,239000.0
1894.0,7,817.0,2003,192.88685529674297,214900.0
1484.0,6,783.0,2007,155.96937011079294,178900.0
1308.0,5,728.0,1950,109.91967872645662,160000.0
1098.0,5,1098.0,1955,111.3211041603443,135000.0
968.0,3,600.0,1950,0.0,37900.0
1095.0,6,588.0,1958,112.71848151889007,140000.0
1192.0,4,720.0,1950,0.0,135000.0
1626.0,7,764.0,2004,181.7163990335171,173000.0
918.0,6,918.0,1979,112.71848151889007,99500.0
1428.0,7,1428.0,2008,183.58894020794867,182000.0
2019.0,7,728.0,1993,199.6397720242384,167500.0
1382.0,7,673.0,2000,186.70008828681972,165000.0
869.0,4,440.0,1958,0.0,85500.0
1241.0,7,1241.0,2007,210.8800043741172,199900.0
894.0,4,894.0,1954,158.2313840348364,110000.0
1121.0,5,1121.0,1963,183.58894020794867,139000.0
999.0,7,944.0,2007,216.5981314336942,178400.0
2612.0,8,1225.0,1999,242.64879526410587,336000.0
1266.0,7,1266.0,2007,154.34900325457428,159895.0
2290.0,8,1128.0,2002,272.3420572856993,255900.0
1734.0,5,0.0,1977,201.77731250963882,126000.0
1164.0,5,1164.0,1950,104.27195617018407,125000.0
1635.0,6,485.0,2003,109.56868112177149,117000.0
1940.0,9,1930.0,2010,221.98326050979904,395192.0
2030.0,6,848.0,1976,205.42955883549678,195000.0
1576.0,7,770.0,2006,224.36693946093243,197000.0
2392.0,8,1396.0,1998,297.9623352109559,348000.0
1742.0,8,916.0,1986,165.93128919003794,168000.0
1851.0,6,822.0,1993,171.01884976582272,187000.0
1500.0,6,750.0,2006,209.36929347721832,173900.0
1718.0,10,1700.0,2007,274.33214274370494,337500.0
1230.0,4,747.0,1950,126.82408859063979,121600.0
1050.0,5,1050.0,1961,147.8275581030279,136500.0
1442.0,6,1442.0,1970,224.66448647566668,185000.0
1077.0,3,1007.0,1950,93.4856231938096,91000.0
1208.0,7,1187.0,2006,229.70898053180986,206000.0
944.0,3,0.0,1952,198.41594370446313,82000.0
691.0,5,691.0,1950,95.66487564479634,86000.0
1574.0,8,1574.0,2006,285.07810240372316,232000.0
1680.0,5,1680.0,1976,198.41594370446313,136905.0
1504.0,7,1346.0,2006,176.38636500662582,181000.0
985.0,5,985.0,1977,134.5787903105695,149900.0
1657.0,6,1657.0,1970,184.8348505375304,163500.0
1092.0,4,546.0,1970,120.33482442343586,88000.0
1710.0,7,1710.0,2005,205.12578155007614,240000.0
1522.0,5,1008.0,1950,0.0,102000.0
1271.0,5,720.0,1950,129.1955054614332,135000.0
1664.0,5,0.0,1965,0.0,100000.0
1502.0,6,602.0,1996,82.40481040341002,165000.0
1022.0,5,1022.0,2006,118.26892624436718,85000.0
1082.0,6,1082.0,1950,104.27195617018407,119200.0
1665.0,8,810.0,2001,198.41594370446313,227000.0
1504.0,7,1504.0,1996,182.96525233665184,203000.0
1360.0,8,1220.0,1984,209.67163684399677,187500.0
1472.0,7,384.0,1992,158.87630029451446,160000.0
1506.0,7,1362.0,2005,171.01884976582272,213490.0
1132.0,4,1132.0,2005,174.4963135204254,176000.0
1220.0,7,1199.0,2006,229.70898053180986,194000.0
1248.0,5,912.0,1950,74.8255731775722,87000.0
1504.0,7,1346.0,2006,170.06762277644273,191000.0
2898.0,8,1565.0,1976,239.42912404877347,287000.0
882.0,5,882.0,1972,177.6438016878652,112500.0
1264.0,5,1268.0,1960,177.6438016878652,167500.0
1646.0,8,1638.0,2008,278.3023341782025,293077.0
1376.0,5,768.0,1950,104.27195617018407,105000.0
1218.0,6,672.0,1972,112.71848151889007,118000.0
1928.0,5,686.0,1995,0.0,160000.0
3082.0,7,824.0,1970,241.4791565063867,197000.0
2520.0,8,1338.0,1993,277.16933999473974,310000.0
1654.0,7,1654.0,2002,306.2957202192133,230000.0
954.0,5,920.0,1950,104.27195617018407,119750.0
845.0,4,0.0,1957,121.70755734427527,84000.0
1620.0,9,1620.0,2008,309.6143386051984,315500.0
2263.0,8,1055.0,2002,307.67948543453366,287000.0
1344.0,4,546.0,2008,0.0,97000.0
630.0,4,630.0,1970,120.33482442343586,80000.0
1803.0,5,1134.0,2000,184.8348505375304,155000.0
1632.0,6,800.0,2000,184.8348505375304,173000.0
1306.0,6,1306.0,2005,227.3383286074287,196000.0
2329.0,7,1475.0,1990,194.11867552951506,262280.0
2524.0,8,2524.0,1981,202.69179755094532,278000.0
1733.0,3,0.0,1955,174.81164935207934,139600.0
2868.0,9,1992.0,2006,254.2749472355644,556581.0
990.0,5,990.0,1995,241.4791565063867,145000.0
1771.0,5,0.0,2006,137.2518042461402,115000.0
930.0,4,0.0,2006,127.84165049337814,84900.0
1302.0,7,1302.0,2007,169.75027416258254,176485.0
1316.0,7,1316.0,2007,171.01884976582272,200141.0
1977.0,6,816.0,1978,202.0822471449123,165000.0
1526.0,5,1216.0,2002,146.51535719346987,144500.0
1989.0,8,1065.0,2002,215.99788125845743,255000.0
1523.0,6,1193.0,1976,182.96525233665184,180000.0
1364.0,7,1364.0,2005,184.8348505375304,185850.0
1850.0,7,973.0,1994,179.52611358316457,248000.0
2184.0,9,1104.0,2008,288.45199169728835,335000.0
1991.0,6,854.0,1950,168.47950502090484,220000.0
1338.0,8,1338.0,2001,214.79622094898485,213500.0
894.0,3,894.0,1950,399.58987302482404,81000.0
2337.0,5,662.0,1950,208.15890770922698,90000.0
1103.0,6,1103.0,1980,171.01884976582272,110500.0
1154.0,5,1154.0,1966,183.58894020794867,154000.0
2260.0,7,1306.0,1997,199.94545783200212,328000.0
1571.0,6,799.0,1994,151.74820434321248,178000.0
1611.0,6,780.0,1964,171.652322393731,167900.0
2521.0,6,942.0,1973,212.99080686304876,151400.0
893.0,5,845.0,2003,212.99080686304876,135000.0
1048.0,5,1048.0,1956,120.33482442343586,135000.0
1556.0,6,727.0,1968,171.33565370589957,154000.0
1456.0,5,810.0,1950,118.26892624436718,91500.0
1426.0,6,690.0,1977,171.01884976582272,159500.0
1240.0,7,1240.0,2006,285.64105709574244,194000.0
1740.0,7,800.0,1984,104.27195617018407,219500.0
1466.0,5,796.0,1989,209.97387940617588,170000.0
1096.0,5,1096.0,1969,124.7832885280012,138800.0
848.0,6,848.0,2004,164.65379278874116,155900.0
990.0,5,990.0,1994,124.7832885280012,126000.0
1258.0,6,1258.0,2004,198.41594370446313,145000.0
1040.0,5,1040.0,1963,127.84165049337814,133000.0
1459.0,7,1459.0,2002,198.10971413502045,192000.0
1251.0,6,1251.0,1964,177.6438016878652,160000.0
1498.0,6,691.0,1996,161.1287754106661,187500.0
996.0,6,936.0,1992,209.36929347721832,147000.0
1092.0,4,546.0,1973,120.33482442343586,83500.0
1953.0,8,1082.0,2006,345.3333816111313,252000.0
1709.0,7,970.0,2004,151.74820434321248,137500.0
1247.0,8,1247.0,2005,205.12578155007614,197000.0
1040.0,3,0.0,1950,158.2313840348364,92900.0
1252.0,7,600.0,2000,177.95783922672393,160000.0
1694.0,6,1181.0,1950,212.99080686304876,136500.0
1200.0,5,864.0,1998,301.85787907148034,146000.0
936.0,5,936.0,2000,127.84165049337814,129000.0
1314.0,6,1314.0,2006,171.01884976582272,176432.0
1355.0,6,684.0,2006,0.0,127000.0
1088.0,8,1074.0,1986,177.6438016878652,170000.0
1324.0,4,672.0,1950,104.27195617018407,128000.0
1601.0,7,1271.0,1978,182.96525233665184,157000.0
438.0,2,290.0,1950,106.39790610891804,60000.0
950.0,5,950.0,1971,118.26892624436718,119500.0
1134.0,5,1010.0,2002,109.21742463976912,135000.0
1194.0,6,655.0,1959,201.77731250963882,159500.0
1302.0,5,630.0,1970,171.01884976582272,106000.0
2622.0,8,1463.0,1995,253.1179488373401,325000.0
1442.0,7,910.0,1991,255.14189652286666,179900.0
2021.0,7,868.0,2006,165.29282599903672,274725.0
1690.0,6,924.0,2000,178.27174877414345,181000.0
1836.0,8,1836.0,2005,295.7310103489512,280000.0
1658.0,6,773.0,1996,168.16146718043177,188000.0
1964.0,7,803.0,1976,184.52355538028922,205000.0
816.0,5,816.0,1957,127.84165049337814,129900.0
1008.0,5,1008.0,2006,104.27195617018407,134500.0
833.0,5,833.0,2000,133.90862931512467,117000.0
1734.0,8,1734.0,2007,314.02639433859207,318000.0
1419.0,8,408.0,2002,198.10971413502045,184100.0
894.0,5,894.0,2003,174.18084598614104,130000.0
1601.0,5,533.0,1987,125.1239529533799,140000.0
1040.0,5,1040.0,1959,120.33482442343586,133700.0
1012.0,6,1012.0,1950,127.84165049337814,118400.0
1552.0,7,1552.0,2006,273.1953620761386,212900.0
960.0,4,672.0,1956,121.02163914432202,112000.0
698.0,5,698.0,2008,0.0,118000.0
1482.0,7,384.0,1992,155.64560873968662,163900.0
1005.0,4,1005.0,1955,241.4791565063867,115000.0
1555.0,7,1373.0,2007,237.96232572810112,174000.0
1530.0,7,1530.0,2004,229.11685039888818,259000.0
1959.0,7,847.0,2005,169.11516527954575,215000.0
936.0,5,936.0,1980,241.4791565063867,140000.0
1981.0,4,1122.0,1950,212.99080686304876,135000.0
974.0,5,974.0,1992,0.0,93500.0
2210.0,6,1008.0,1950,91.66063659158512,117500.0
2020.0,8,1128.0,1995,179.21271273847037,239500.0
1600.0,6,916.0,1997,177.32963582817308,169000.0
986.0,6,960.0,1950,82.40481040341002,102000.0
1252.0,6,1032.0,1950,121.02163914432202,119000.0
1020.0,5,780.0,1996,0.0,94000.0
1567.0,6,1567.0,1977,253.69660074587168,196000.0
1167.0,5,915.0,1950,188.25116787547086,144000.0
952.0,5,952.0,1951,289.5745876588743,139000.0
1868.0,5,780.0,1976,184.8348505375304,197500.0
2828.0,8,1466.0,2007,347.7551619853195,424870.0
1006.0,5,1006.0,1959,0.0,80000.0
924.0,4,672.0,1950,118.26892624436718,80000.0
1576.0,5,1042.0,1950,98.91259686081666,149000.0
1298.0,6,1298.0,1985,159.19853177585932,180000.0
1564.0,7,704.0,1950,102.13599181310894,174500.0
1111.0,7,572.0,1950,121.02163914432202,116900.0
1482.0,7,650.0,1988,133.23769424377826,143000.0
932.0,6,932.0,1950,127.16348421818425,124000.0
1466.0,5,1466.0,1959,198.41594370446313,149900.0
1811.0,6,1073.0,2004,180.46555919132814,230000.0
816.0,6,816.0,2007,168.47950502090484,120500.0
1820.0,7,864.0,1988,187.32087619859692,201800.0
1437.0,5,1437.0,2004,198.41594370446313,218000.0
1265.0,5,1219.0,1999,190.41773384753935,179900.0
1314.0,7,1314.0,2008,227.931525781101,230000.0
1580.0,8,1580.0,2008,286.7661965098678,235128.0
1876.0,6,901.0,1974,202.0822471449123,185000.0
1456.0,6,855.0,1978,171.01884976582272,146000.0
1640.0,6,1296.0,2006,312.92473434930264,224000.0
894.0,5,894.0,1968,174.18084598614104,129000.0
1258.0,4,1198.0,1969,158.2313840348364,108959.0
1432.0,5,1360.0,1978,216.5981314336942,194000.0
1502.0,7,1502.0,2009,233.2543941130136,233170.0
1694.0,8,1694.0,2008,271.48813282857554,245350.0
1671.0,6,959.0,2000,181.09122867557275,173000.0
2108.0,6,1127.0,1986,202.0822471449123,235000.0
3627.0,10,1930.0,1996,280.28250939839313,625000.0
1118.0,6,1096.0,1977,144.54195023282304,171000.0
1261.0,6,1261.0,1958,168.79740426075938,163000.0
1250.0,7,625.0,2007,227.63497190722717,171900.0
3086.0,5,1598.0,1994,0.0,200500.0
2345.0,6,952.0,1950,145.20043925220284,239000.0
2872.0,8,1683.0,2000,202.38707541426555,285000.0
923.0,5,876.0,1985,112.71848151889007,119500.0
1224.0,6,818.0,2004,93.4856231938096,115000.0
1343.0,5,731.0,1950,84.64708800175617,154900.0
1124.0,5,0.0,1954,0.0,93000.0
2514.0,7,1216.0,1991,247.60532559821343,250000.0
1652.0,8,1600.0,2008,184.21213880576252,392500.0
4476.0,10,2396.0,1996,281.97722618056275,745000.0
1130.0,5,1120.0,1950,255.43072800214057,120000.0
1572.0,5,1572.0,1963,332.34960333265354,186700.0
1221.0,5,784.0,1950,155.64560873968662,104900.0
1699.0,3,978.0,1970,164.65379278874116,95000.0
1624.0,8,1624.0,1995,266.0653689331324,262000.0
1660.0,7,831.0,2002,187.63109183053555,195000.0
1804.0,7,994.0,1999,171.652322393731,189000.0
1622.0,4,1249.0,1975,427.4851643671576,168000.0
1441.0,8,776.0,2000,187.32087619859692,174000.0
1472.0,5,702.0,1994,107.80978563629292,125000.0
1224.0,6,1224.0,1999,158.87630029451446,165000.0
1352.0,6,663.0,1969,124.7832885280012,158000.0
1456.0,6,728.0,2005,158.2313840348364,176000.0
1863.0,7,879.0,2006,237.96232572810112,219210.0
1690.0,7,815.0,1950,98.91259686081666,144000.0
1212.0,7,1212.0,2001,212.0867724603957,178000.0
1382.0,4,1051.0,1979,177.01534131668913,148000.0
864.0,4,864.0,1970,118.26892624436718,116050.0
1779.0,7,866.0,1998,203.90962940308097,197900.0
1348.0,5,884.0,1997,95.66487564479634,117000.0
1630.0,7,1630.0,2001,174.4963135204254,213000.0
1074.0,5,1056.0,1975,188.25116787547086,153500.0
2196.0,7,2158.0,1991,249.92985813878926,271900.0
1056.0,4,1056.0,1966,153.04987883637892,107000.0
1700.0,6,1682.0,2003,203.30092435457723,200000.0
1283.0,5,931.0,1980,191.65321376753505,140000.0
1660.0,8,1660.0,2006,189.79929906779662,290000.0
1845.0,6,1055.0,1992,177.95783922672393,189000.0
1752.0,8,559.0,2005,187.32087619859692,164000.0
672.0,4,672.0,1950,102.13599181310894,113000.0
960.0,4,648.0,2001,146.51535719346987,145000.0
999.0,5,925.0,1962,125.1239529533799,134500.0
894.0,5,894.0,1966,153.04987883637892,125000.0
1902.0,6,0.0,1978,201.77731250963882,112000.0
1314.0,8,1300.0,2009,205.7332322699063,229456.0
912.0,4,0.0,1950,0.0,80500.0
1218.0,6,672.0,1971,0.0,91500.0
912.0,5,912.0,1964,121.02163914432202,115000.0
1211.0,5,952.0,1968,132.56597943054447,134000.0
1846.0,6,1040.0,1950,130.2087534935337,143000.0
2136.0,5,2136.0,1951,198.41594370446313,137900.0
1490.0,7,788.0,2005,154.34900325457428,184000.0
1138.0,6,588.0,1958,112.71848151889007,145000.0
1933.0,6,894.0,2007,240.30820490929972,214000.0
912.0,5,912.0,2008,212.99080686304876,147000.0
1702.0,9,1702.0,2008,347.7551619853195,367294.0
1507.0,5,1075.0,1960,159.5206127510909,127000.0
2620.0,5,1361.0,1977,220.19161021397755,190000.0
1190.0,5,1106.0,1962,202.0822471449123,132500.0
1224.0,4,0.0,1962,177.95783922672393,101800.0
1188.0,5,1188.0,1959,199.33397795006405,142000.0
1964.0,5,940.0,1950,0.0,130000.0
1784.0,5,747.0,1950,82.40481040341002,138887.0
1626.0,7,764.0,2003,181.7163990335171,175500.0
1948.0,7,847.0,2005,169.11516527954575,195000.0
1141.0,6,1141.0,2005,184.8348505375304,142500.0
1484.0,8,1476.0,2006,181.09122867557275,265900.0
1768.0,7,884.0,2003,202.9964137872585,224900.0
1689.0,7,1689.0,2007,321.165572150143,248328.0
1173.0,7,1053.0,1974,198.41594370446313,170000.0
2076.0,10,2076.0,2006,292.3766829626894,465000.0
1517.0,8,792.0,1950,158.2313840348364,230000.0
1868.0,6,585.0,2003,182.65322416511287,178000.0
1553.0,7,756.0,2006,224.66448647566668,186500.0
1034.0,6,1012.0,1976,302.96874883657165,169900.0
2058.0,6,735.0,1950,156.93972574047854,129500.0
988.0,5,876.0,1950,116.8870388425859,119000.0
2110.0,7,2110.0,1968,196.576919038299,244000.0
1405.0,7,1405.0,2003,182.96525233665184,171750.0
874.0,5,864.0,1968,121.02163914432202,130000.0
2167.0,7,1192.0,2003,195.34869126980482,294000.0
1656.0,7,746.0,2004,157.2628696690302,165400.0
1367.0,6,884.0,1950,208.15890770922698,127500.0
1987.0,8,1986.0,1994,247.02340406598833,301500.0
864.0,5,864.0,1950,0.0,99900.0
1166.0,7,856.0,2005,158.2313840348364,190000.0
1054.0,6,1054.0,1969,177.32963582817308,151000.0
1675.0,6,841.0,1999,190.41773384753935,181000.0
1050.0,5,1050.0,1956,137.91817726476376,128900.0
1788.0,4,1104.0,1989,126.48448355758627,161500.0
1824.0,6,764.0,1950,195.96302762885824,180500.0
1337.0,6,1405.0,1999,193.1949804401652,181000.0
1452.0,7,691.0,1999,191.65321376753505,183900.0
1889.0,7,925.0,1950,127.84165049337814,122000.0
2018.0,9,2002.0,2009,262.9141684607402,378500.0
3447.0,8,728.0,1997,337.5028333394237,381000.0
1524.0,5,874.0,1958,130.2087534935337,144000.0
1524.0,7,1332.0,1979,215.99788125845743,260000.0
1489.0,6,1489.0,1968,177.95783922672393,185750.0
935.0,5,935.0,1965,121.02163914432202,137000.0
1357.0,6,1019.0,2006,129.1955054614332,177000.0
1250.0,5,661.0,2003,205.7332322699063,139000.0
1920.0,5,928.0,1950,158.2313840348364,137000.0
1395.0,6,723.0,1972,188.87077218572534,162000.0
1724.0,6,1680.0,1976,183.58894020794867,197900.0
2031.0,8,1128.0,2002,213.2919543439963,237000.0
1128.0,4,698.0,1950,198.41594370446313,68400.0
1573.0,7,1573.0,2002,203.30092435457723,227000.0
1339.0,7,1309.0,1990,184.8348505375304,180000.0
1040.0,5,1040.0,2008,184.8348505375304,150500.0
1824.0,6,912.0,1971,0.0,139000.0
2447.0,6,804.0,1990,137.2518042461402,169000.0
1412.0,6,780.0,1950,118.26892624436718,132500.0
1328.0,6,1328.0,1963,198.41594370446313,143000.0
1582.0,5,1624.0,1964,154.99761894473843,190000.0
1659.0,8,1501.0,2000,189.48990701254945,278000.0
1970.0,8,1085.0,2006,264.9204830112068,281000.0
1152.0,5,1152.0,1964,184.8348505375304,180500.0
1302.0,5,630.0,1972,112.71848151889007,119500.0
2372.0,5,994.0,1965,168.47950502090484,107500.0
1664.0,7,832.0,1976,198.41594370446313,162900.0
864.0,5,864.0,1990,211.78522965910034,115000.0
1052.0,5,1052.0,1968,121.02163914432202,138500.0
1128.0,5,1120.0,1963,197.49692629035567,155000.0
1072.0,6,547.0,2006,197.49692629035567,140000.0
5642.0,10,6110.0,2008,443.3085348443663,160000.0
1246.0,5,1246.0,1994,126.82408859063979,154000.0
1983.0,7,978.0,1999,186.70008828681972,225000.0
1494.0,6,771.0,1950,94.57669099962078,177500.0
2526.0,8,1165.0,1994,290.6961763111703,290000.0
1616.0,7,1616.0,2005,287.89031418875425,232000.0
1708.0,7,976.0,2004,151.74820434321248,130000.0
1652.0,9,1652.0,2007,289.5745876588743,325000.0
1368.0,7,1368.0,2006,181.7163990335171,202500.0
990.0,5,990.0,1995,183.58894020794867,138000.0
1122.0,5,924.0,2005,198.41594370446313,147000.0
1294.0,6,1278.0,1991,188.56102885626532,179200.0
1902.0,7,1902.0,2002,210.27602137506227,335000.0
1274.0,7,1274.0,2007,192.2702632556991,203000.0
2810.0,8,1453.0,1990,264.06106628969485,302000.0
2599.0,9,1393.0,1999,272.3420572856993,333168.0
948.0,4,948.0,1954,118.26892624436718,119000.0
2112.0,6,952.0,1969,212.99080686304876,206900.0
1630.0,8,1622.0,2008,295.17257027310967,295493.0
1352.0,7,1352.0,2007,179.21271273847037,208900.0
1787.0,8,1753.0,2002,263.4877618799163,275000.0
948.0,4,864.0,1954,107.10438098107093,111000.0
1478.0,6,1478.0,1957,171.652322393731,156500.0
720.0,3,0.0,1950,120.67834431082996,72500.0
1923.0,7,750.0,1992,209.36929347721832,190000.0
708.0,4,420.0,1950,0.0,82500.0
1795.0,8,1795.0,2007,304.91050487695605,147000.0
796.0,4,796.0,1950,0.0,55000.0
774.0,3,544.0,2006,0.0,79000.0
816.0,5,816.0,2008,112.71848151889007,130500.0
2792.0,6,1510.0,1950,195.96302762885824,256000.0
1632.0,7,935.0,1998,177.95783922672393,176500.0
1588.0,8,1588.0,2006,285.3596119086942,227000.0
954.0,5,911.0,1976,212.99080686304876,132500.0
816.0,4,816.0,1958,121.02163914432202,100000.0
1360.0,5,803.0,1995,124.10131564422858,125500.0
1365.0,5,765.0,1970,171.01884976582272,125000.0
1334.0,6,1350.0,1977,229.11685039888818,167900.0
1656.0,5,1656.0,1973,191.65321376753505,135000.0
693.0,4,693.0,1950,0.0,52500.0
1861.0,7,916.0,2002,187.32087619859692,200000.0
864.0,5,864.0,1972,121.02163914432202,128500.0
872.0,4,858.0,1971,183.58894020794867,123000.0
1114.0,6,1114.0,2004,212.99080686304876,155000.0
2169.0,8,1284.0,2002,234.1387948299713,228500.0
1913.0,6,896.0,1950,139.2487036316045,177000.0
1456.0,7,728.0,2006,171.01884976582272,155835.0
960.0,4,960.0,1950,127.84165049337814,108500.0
2156.0,7,1568.0,2003,192.2702632556991,262500.0
1776.0,8,1732.0,2007,253.1179488373401,283463.0
1494.0,7,1482.0,1998,194.11867552951506,215000.0
2358.0,8,684.0,1987,0.0,122000.0
2634.0,5,1248.0,1969,324.9945119614193,200000.0
1716.0,6,858.0,1962,186.70008828681972,171000.0
1176.0,6,698.0,2000,227.3383286074287,134900.0
3238.0,8,2033.0,1996,239.72223388311917,410000.0
1865.0,7,992.0,2000,289.2940333263408,235000.0
1920.0,7,570.0,1992,185.76801047423132,170000.0
892.0,5,864.0,1966,112.71848151889007,110000.0
1078.0,5,1078.0,2008,189.79929906779662,149900.0
1573.0,6,756.0,2000,171.01884976582272,177500.0
1980.0,9,1980.0,2005,269.77841350949694,315000.0
2601.0,5,612.0,1998,226.4478604483708,189000.0
1530.0,7,1530.0,2005,167.84329035786647,260000.0
1738.0,4,715.0,2007,147.8275581030279,104900.0
1412.0,6,616.0,2007,168.47950502090484,156932.0
1200.0,7,600.0,2005,183.58894020794867,144152.0
1674.0,7,814.0,2000,238.84265499735523,216000.0
1790.0,7,873.0,1999,216.5981314336942,193000.0
1475.0,5,757.0,1977,137.2518042461402,127000.0
848.0,6,848.0,2004,164.65379278874116,144000.0
1668.0,8,1657.0,2003,190.41773384753935,232000.0
1374.0,4,840.0,1950,137.91817726476376,105000.0
1661.0,6,992.0,1996,150.7702558495251,165500.0
2097.0,7,1108.0,1998,215.09678151224094,274300.0
2633.0,10,2633.0,2002,279.4342609769634,466500.0
1958.0,7,1026.0,2005,316.2270341091673,250000.0
1571.0,8,1571.0,2007,256.00816428552554,239000.0
790.0,6,768.0,1950,74.8255731775722,91000.0
1604.0,5,984.0,1960,237.96232572810112,117000.0
987.0,6,483.0,1973,112.71848151889007,83000.0
1394.0,5,384.0,2007,158.2313840348364,167500.0
864.0,3,864.0,1950,89.82726943206423,58500.0
2117.0,6,1205.0,1970,205.12578155007614,237500.0
1762.0,7,596.0,1950,212.99080686304876,157000.0
1416.0,5,816.0,2007,212.99080686304876,112000.0
1258.0,6,560.0,1950,118.26892624436718,105000.0
1154.0,4,796.0,2007,104.27195617018407,125500.0
2784.0,7,1392.0,1978,209.36929347721832,250000.0
2526.0,6,714.0,1950,95.66487564479634,136000.0
1746.0,9,1746.0,2007,266.3514120494785,377500.0
1218.0,6,735.0,1950,171.01884976582272,131000.0
1525.0,7,1525.0,2000,202.38707541426555,235000.0
1584.0,5,1584.0,1967,276.03527205539933,124000.0
900.0,5,864.0,1967,121.02163914432202,123000.0
1912.0,6,482.0,2000,241.4791565063867,163000.0
1500.0,7,1356.0,2006,234.433423201501,246578.0
2482.0,8,1094.0,2006,232.66436238253502,281213.0
1687.0,5,747.0,1950,211.78522965910034,160000.0
1513.0,5,939.0,2004,82.40481040341002,137500.0
1904.0,5,1208.0,1982,104.27195617018407,138000.0
1608.0,6,976.0,1990,95.66487564479634,137450.0
1158.0,6,862.0,1950,92.75661886534351,120000.0
1593.0,6,839.0,2004,157.58586039046082,193000.0
1294.0,7,1286.0,2006,238.54929548273293,193879.0
1464.0,8,1485.0,2007,265.20681173456705,282922.0
1214.0,3,672.0,1950,316.2270341091673,105000.0
1646.0,8,1594.0,2005,184.21213880576252,275000.0
768.0,5,768.0,2007,156.93972574047854,133000.0
833.0,5,833.0,1985,0.0,112000.0
1363.0,4,622.0,1950,198.41594370446313,125500.0
2093.0,7,791.0,1991,202.69179755094532,215000.0
1840.0,7,944.0,2001,226.74477304901,230000.0
1668.0,6,856.0,2005,115.15436806261421,140000.0
1040.0,4,0.0,1950,164.65379278874116,90000.0
1844.0,8,1844.0,2006,226.1508577377629,257000.0
1848.0,6,833.0,2000,148.482650633756,207000.0
1569.0,7,1386.0,2007,237.96232572810112,175900.0
2290.0,4,777.0,1950,208.15890770922698,122500.0
2450.0,8,1284.0,1998,352.3190170590449,340000.0
1144.0,5,1144.0,1963,137.2518042461402,124000.0
1844.0,6,1844.0,1969,202.0822471449123,223000.0
1416.0,6,708.0,1968,271.48813282857554,179900.0
1069.0,6,1069.0,1977,171.01884976582272,127500.0
848.0,6,848.0,2003,164.65379278874116,136500.0
2201.0,6,697.0,1966,168.47950502090484,274970.0
1344.0,5,1024.0,1983,184.8348505375304,144000.0
1252.0,6,1252.0,1959,198.41594370446313,142000.0
2127.0,7,1223.0,1994,197.49692629035567,271000.0
1558.0,5,913.0,1950,121.02163914432202,140000.0
804.0,5,788.0,1992,104.27195617018407,119000.0
1440.0,6,1440.0,1981,179.52611358316457,182900.0
1838.0,5,732.0,2005,149.13707695838073,192140.0
958.0,6,958.0,1976,171.01884976582272,143750.0
968.0,4,656.0,2007,95.66487564479634,64500.0
1792.0,6,936.0,2000,174.4963135204254,186500.0
1126.0,5,1126.0,1977,184.8348505375304,160000.0
1537.0,6,1319.0,2005,177.95783922672393,174000.0
864.0,4,864.0,1971,198.41594370446313,120500.0
1932.0,8,1932.0,2008,270.9185041938647,394617.0
1236.0,6,912.0,1996,312.6491789819904,149700.0
1725.0,7,539.0,1979,205.12578155007614,197000.0
2555.0,6,588.0,1994,241.4791565063867,191000.0
848.0,6,848.0,2004,164.65379278874116,149300.0
2007.0,10,1017.0,2008,281.69493755987685,310000.0
952.0,6,952.0,1950,86.87582510664373,121000.0
1422.0,7,1422.0,2004,227.931525781101,179600.0
913.0,6,814.0,1966,104.27195617018407,129000.0
1188.0,5,1188.0,1962,129.1955054614332,157900.0
2090.0,8,1220.0,1996,206.94689194829297,240000.0
1346.0,4,560.0,2000,153.04987883637892,112000.0
630.0,5,630.0,1970,0.0,92000.0
1792.0,5,896.0,1974,0.0,136000.0
1578.0,8,1573.0,2009,289.5745876588743,287090.0
1072.0,5,547.0,2005,197.49692629035567,145000.0
1140.0,5,1140.0,2006,0.0,84500.0
1221.0,7,1221.0,2005,158.2313840348364,185000.0
1647.0,6,953.0,2000,177.32963582817308,175000.0
2073.0,6,1542.0,1988,189.79929906779662,210000.0
2340.0,7,1152.0,2006,108.51413020432587,266500.0
1078.0,5,1078.0,1996,104.27195617018407,142125.0
1256.0,5,1256.0,1965,116.8870388425859,147500.0
